,device_type,sensor_type,timestamps,x,y,z
0,,,1528117893010212000,-0.027097000000000003,-0.008362999999999999,-9.806958999999999
1,,,1528117893041094000,-0.027607,-0.012573,-9.806953
2,,,1528117893075066000,-0.027565,-0.012555,-9.806953
3,,,1528117893107421000,-0.027333999999999997,-0.012556,-9.806954
4,,,1528117893141125000,-0.026889999999999997,-0.012452,-9.806955
5,,,1528117893174793000,-0.026579000000000002,-0.012326,-9.806956
6,,,1528117893207296000,-0.02648,-0.012094,-9.806957
7,,,1528117893241171000,-0.026548000000000002,-0.012004,-9.806957
8,,,1528117893274380000,-0.026538,-0.011881999999999998,-9.806957
9,,,1528117893308525000,-0.026728,-0.011829000000000001,-9.806956
10,,,1528117893341177000,-0.026548000000000002,-0.011925,-9.806957
11,,,1528117893375012000,-0.026552,-0.011947,-9.806957
12,,,1528117893407394000,-0.026420999999999997,-0.011672,-9.806957
13,,,1528117893440250000,-0.026486000000000003,-0.011612,-9.806957
14,,,1528117893474382000,-0.026581,-0.011693,-9.806957
15,,,1528117893507270000,-0.026293,-0.011668000000000001,-9.806958
16,,,1528117893541086000,-0.026189999999999998,-0.011722,-9.806958
17,,,1528117893574383000,-0.026175999999999998,-0.01151,-9.806958
18,,,1528117893607323000,-0.026043,-0.011483,-9.806958
19,,,1528117893641068000,-0.025745,-0.011265,-9.80696
20,,,1528117893674606000,-0.025422,-0.01123,-9.806961
21,,,1528117893707330000,-0.025502,-0.011496,-9.80696
22,,,1528117893741489000,-0.025635,-0.011484000000000001,-9.80696
23,,,1528117893774412000,-0.025532,-0.011644,-9.80696
24,,,1528117893807340000,-0.025578999999999998,-0.011643,-9.80696
25,,,1528117893841364999,-0.025664999999999997,-0.01178,-9.806958999999999
26,,,1528117893874358000,-0.025671,-0.011557,-9.80696
27,,,1528117893907373000,-0.025599,-0.011297,-9.80696
28,,,1528117893941329999,-0.025421,-0.011227,-9.806961
29,,,1528117893974376000,-0.025469,-0.011433,-9.80696
30,,,1528117894007394000,-0.025502,-0.011403,-9.80696
31,,,1528117894041384000,-0.025745,-0.011331,-9.80696
32,,,1528117894074412000,-0.025813,-0.011325,-9.80696
33,,,1528117894107548000,-0.025962,-0.011505,-9.806958999999999
34,,,1528117894141138000,-0.025796,-0.011479999999999999,-9.806958999999999
35,,,1528117894174413999,-0.025830000000000002,-0.011509,-9.806958999999999
36,,,1528117894207479000,-0.025622000000000002,-0.011484000000000001,-9.80696
37,,,1528117894241068000,-0.0256,-0.011451000000000001,-9.80696
38,,,1528117894274414000,-0.025485,-0.011565,-9.80696
39,,,1528117894306958000,-0.025602999999999997,-0.011496,-9.80696
40,,,1528117894341073999,-0.025606,-0.011281,-9.80696
41,,,1528117894374411000,-0.025446,-0.011125,-9.806961
42,,,1528117894407463000,-0.025245,-0.011165000000000001,-9.806961
43,,,1528117894441074000,-0.025109,-0.011267000000000001,-9.806961
44,,,1528117894474409000,-0.025348,-0.011203,-9.806961
45,,,1528117894507465000,-0.025137,-0.011208,-9.806961
46,,,1528117894541075000,-0.025153000000000002,-0.011285,-9.806961
47,,,1528117894574412000,-0.025036000000000003,-0.011387000000000001,-9.806961
48,,,1528117894607164000,-0.02508,-0.011344,-9.806961
49,,,1528117894641069000,-0.02504,-0.011323999999999999,-9.806961
50,,,1528117894674418000,-0.02504,-0.011409,-9.806961
51,,,1528117894707375000,-0.025240000000000002,-0.011563,-9.806961
52,,,1528117894741068000,-0.025092,-0.01175,-9.806961
53,,,1528117894774413000,-0.025208,-0.011840999999999999,-9.80696
54,,,1528117894807238000,-0.025153000000000002,-0.011746,-9.806961
55,,,1528117894841068000,-0.025414,-0.011892,-9.80696
56,,,1528117894874412000,-0.025422999999999998,-0.011953,-9.80696
57,,,1528117894907374000,-0.025164,-0.012006000000000001,-9.80696
58,,,1528117894941065000,-0.025117,-0.012246,-9.80696
59,,,1528117894974924000,-0.025388,-0.012386,-9.806958999999999
60,,,1528117895007371000,-0.025232,-0.012440000000000001,-9.80696
61,,,1528117895041073000,-0.025334,-0.012385,-9.80696
62,,,1528117895074903000,-0.025184,-0.012317,-9.80696
63,,,1528117895107372000,-0.024935,-0.012217,-9.806961
64,,,1528117895141069000,-0.024998,-0.012303,-9.80696
65,,,1528117895174868000,-0.025315999999999998,-0.012473999999999999,-9.80696
66,,,1528117895207364000,-0.025387,-0.012469,-9.806958999999999
67,,,1528117895241065000,-0.025488,-0.012565999999999999,-9.806958999999999
68,,,1528117895274675000,-0.02582,-0.012594,-9.806958
69,,,1528117895307377000,-0.025771,-0.012573,-9.806958
70,,,1528117895341062000,-0.026087,-0.012487999999999999,-9.806957
71,,,1528117895374581000,-0.025985,-0.012608,-9.806957
72,,,1528117895407366000,-0.025985,-0.012782,-9.806957
73,,,1528117895441068999,-0.026144999999999998,-0.012863,-9.806957
74,,,1528117895474429000,-0.02586,-0.012828999999999998,-9.806957
75,,,1528117895507368999,-0.025975,-0.012647,-9.806957
76,,,1528117895541070000,-0.026238,-0.012868000000000001,-9.806957
77,,,1528117895574535000,-0.026312000000000002,-0.012773999999999999,-9.806956
78,,,1528117895607904000,-0.026226,-0.012806,-9.806957
79,,,1528117895641096000,-0.026123,-0.012922,-9.806957
80,,,1528117895674405000,-0.026342,-0.012863999999999999,-9.806956
81,,,1528117895707368000,-0.026097000000000002,-0.012835,-9.806957
82,,,1528117895741090000,-0.026269999999999998,-0.012828999999999998,-9.806956
83,,,1528117895774577000,-0.026248,-0.01285,-9.806957
84,,,1528117895807385000,-0.026251,-0.012921,-9.806956
85,,,1528117895841063000,-0.026233999999999997,-0.013063,-9.806956
86,,,1528117895874400000,-0.026177999999999996,-0.013262000000000001,-9.806956
87,,,1528117895907383000,-0.025867,-0.013549,-9.806957
88,,,1528117895941070000,-0.025786,-0.013628999999999999,-9.806957
89,,,1528117895974410000,-0.025587000000000002,-0.013694999999999999,-9.806957
90,,,1528117896007358000,-0.025718,-0.013730000000000001,-9.806957
91,,,1528117896041123000,-0.025814999999999998,-0.013763,-9.806956
92,,,1528117896074409000,-0.02561,-0.013888,-9.806957
93,,,1528117896107500000,-0.025942000000000003,-0.013994999999999999,-9.806956
94,,,1528117896141072000,-0.02611,-0.01408,-9.806955
95,,,1528117896174412000,-0.025789,-0.014036000000000002,-9.806956
96,,,1528117896207363000,-0.025758,-0.014157,-9.806956
97,,,1528117896241380000,-0.026026,-0.014291,-9.806955
98,,,1528117896274410000,-0.02522,-0.014346000000000001,-9.806957
99,,,1528117896307362000,-0.025144,-0.014709,-9.806957
100,,,1528117896341064000,-0.025296000000000003,-0.014792,-9.806956
101,,,1528117896374411000,-0.024841,-0.014487,-9.806958
102,,,1528117896407675000,-0.02485,-0.014372999999999999,-9.806958
103,,,1528117896441064000,-0.025252,-0.014512,-9.806957
104,,,1528117896474412999,-0.025277,-0.014190000000000001,-9.806957
105,,,1528117896507814000,-0.025337000000000002,-0.014194,-9.806957
106,,,1528117896541125000,-0.025532,-0.01429,-9.806956
107,,,1528117896574351999,-0.025519999999999998,-0.014225,-9.806957
108,,,1528117896607630999,-0.025611000000000002,-0.014391999999999999,-9.806956
109,,,1528117896641429000,-0.025713999999999997,-0.0143,-9.806956
110,,,1528117896674407000,-0.025292,-0.014365000000000001,-9.806957
111,,,1528117896707515000,-0.025487,-0.014311,-9.806956
112,,,1528117896741071000,-0.025177,-0.014163999999999998,-9.806957
113,,,1528117896774397000,-0.024978,-0.013931,-9.806958
114,,,1528117896807377000,-0.024919999999999998,-0.013719,-9.806958
115,,,1528117896841071000,-0.025033,-0.013574000000000001,-9.806958
116,,,1528117896874414000,-0.025089,-0.013509,-9.806958
117,,,1528117896907266000,-0.025106,-0.013602000000000001,-9.806958
118,,,1528117896941065000,-0.025028,-0.013563,-9.806958
119,,,1528117896974416000,-0.024891999999999997,-0.013462,-9.806958999999999
120,,,1528117897007641000,-0.02444,-0.013324,-9.80696
121,,,1528117897041065000,-0.024562999999999998,-0.013243000000000001,-9.80696
122,,,1528117897074411000,-0.024717,-0.013237,-9.80696
123,,,1528117897107300000,-0.024485,-0.013188,-9.806961
124,,,1528117897141071000,-0.024552,-0.013341999999999998,-9.80696
125,,,1528117897174417000,-0.024497,-0.013318,-9.80696
126,,,1528117897207316000,-0.024672,-0.013434,-9.80696
127,,,1528117897241692999,-0.02445,-0.013425999999999999,-9.80696
128,,,1528117897274369000,-0.024434,-0.013347,-9.80696
129,,,1528117897307354000,-0.024384,-0.013588999999999999,-9.80696
130,,,1528117897341826999,-0.02412,-0.013640000000000001,-9.806961
131,,,1528117897374410000,-0.023833,-0.013553,-9.806961
132,,,1528117897407354000,-0.023449,-0.013406,-9.806963
133,,,1528117897441745000,-0.022993,-0.013615,-9.806964
134,,,1528117897474411000,-0.023165,-0.013508000000000001,-9.806963
135,,,1528117897507370000,-0.023121,-0.013612,-9.806963
136,,,1528117897541504000,-0.022869,-0.013593000000000001,-9.806964
137,,,1528117897574411000,-0.022747,-0.013412,-9.806964
138,,,1528117897607387000,-0.022703,-0.013418000000000001,-9.806964
139,,,1528117897641394000,-0.022192,-0.013238999999999999,-9.806966000000001
140,,,1528117897674486000,-0.022256,-0.013338999999999998,-9.806966000000001
141,,,1528117897707349000,-0.022472,-0.013412,-9.806965
142,,,1528117897741301999,-0.022256,-0.013229,-9.806966000000001
143,,,1528117897774412000,-0.022085,-0.013218,-9.806966000000001
144,,,1528117897807347000,-0.02224,-0.013013,-9.806966000000001
145,,,1528117897841224000,-0.021932,-0.012861000000000001,-9.806967
146,,,1528117897874415000,-0.021638,-0.012832,-9.806968
147,,,1528117897907350000,-0.022035,-0.012793,-9.806967
148,,,1528117897941064000,-0.021830000000000002,-0.012634000000000001,-9.806968
149,,,1528117897974472000,-0.021557,-0.012759,-9.806968
150,,,1528117898007345000,-0.02175,-0.012813999999999999,-9.806967
151,,,1528117898041291000,-0.021575,-0.012556,-9.806968
152,,,1528117898074137000,-0.021252,-0.012596,-9.806969
153,,,1528117898107469999,-0.021209,-0.012611,-9.806969
154,,,1528117898141027999,-0.021365000000000002,-0.012664,-9.806968
155,,,1528117898173685000,-0.021467,-0.012695,-9.806968
156,,,1528117898207354000,-0.021746,-0.012865999999999999,-9.806967
157,,,1528117898241033000,-0.02168,-0.012559,-9.806968
158,,,1528117898274410000,-0.021656,-0.012504000000000001,-9.806968
159,,,1528117898307336000,-0.021593,-0.012565999999999999,-9.806968
160,,,1528117898341035000,-0.021286000000000003,-0.012594,-9.806969
161,,,1528117898374413000,-0.020691,-0.012714,-9.80697
162,,,1528117898407316000,-0.020711,-0.012824,-9.80697
163,,,1528117898441040000,-0.020957,-0.012758,-9.806969
164,,,1528117898474801999,-0.021095,-0.012597,-9.806969
165,,,1528117898507357000,-0.021347,-0.012601000000000001,-9.806968
166,,,1528117898541036000,-0.02165,-0.012659,-9.806968
167,,,1528117898574693000,-0.021639,-0.01254,-9.806968
168,,,1528117898607469000,-0.021761000000000003,-0.012532,-9.806968
169,,,1528117898641041000,-0.02193,-0.012738,-9.806967
170,,,1528117898674671000,-0.021778,-0.012622,-9.806968
171,,,1528117898707343000,-0.02189,-0.012648999999999999,-9.806967
172,,,1528117898741037000,-0.022325,-0.012922999999999999,-9.806966000000001
173,,,1528117898774592000,-0.022224,-0.0127,-9.806967
174,,,1528117898807335000,-0.022106999999999998,-0.01256,-9.806967
175,,,1528117898841086000,-0.022378,-0.012652,-9.806966000000001
176,,,1528117898874657000,-0.022289,-0.012803,-9.806966000000001
177,,,1528117898907337999,-0.02223,-0.013021000000000001,-9.806966000000001
178,,,1528117898940311000,-0.022444,-0.01305,-9.806966000000001
179,,,1528117898974412999,-0.022106,-0.013203,-9.806966000000001
180,,,1528117899007341999,-0.022196,-0.013269999999999999,-9.806966000000001
181,,,1528117899041039000,-0.022187000000000002,-0.013219999999999999,-9.806966000000001
182,,,1528117899074404000,-0.022448,-0.013182,-9.806966000000001
183,,,1528117899107291000,-0.022325,-0.013302000000000001,-9.806966000000001
184,,,1528117899141811000,-0.022425,-0.013265,-9.806966000000001
185,,,1528117899174411000,-0.022336,-0.013207,-9.806966000000001
186,,,1528117899207337000,-0.021972,-0.01318,-9.806967
187,,,1528117899241536000,-0.02171,-0.013243000000000001,-9.806967
188,,,1528117899274412000,-0.021555,-0.013363,-9.806967
189,,,1528117899307319000,-0.021463999999999997,-0.013653,-9.806967
190,,,1528117899341469000,-0.021418,-0.013549,-9.806967
191,,,1528117899374408000,-0.021516999999999998,-0.013658000000000002,-9.806967
192,,,1528117899407323000,-0.021503,-0.013563999999999998,-9.806967
193,,,1528117899441383000,-0.02167,-0.013631,-9.806967
194,,,1528117899474412000,-0.021509999999999998,-0.013741999999999999,-9.806967
195,,,1528117899507743000,-0.021366999999999997,-0.013799,-9.806967
196,,,1528117899541192000,-0.021379,-0.013822999999999998,-9.806967
197,,,1528117899574411000,-0.021522,-0.013766999999999998,-9.806967
198,,,1528117899607425999,-0.021490000000000002,-0.013753,-9.806967
199,,,1528117899641292999,-0.021711,-0.013863999999999998,-9.806966000000001
200,,,1528117899674415000,-0.02139,-0.014066,-9.806967
201,,,1528117899706989000,-0.021200999999999998,-0.013897999999999999,-9.806967
202,,,1528117899741020000,-0.021166,-0.013656,-9.806968
203,,,1528117899774411000,-0.021328,-0.013702,-9.806967
204,,,1528117899807327000,-0.021363,-0.013613,-9.806967
205,,,1528117899841069000,-0.021099,-0.013572,-9.806968
206,,,1528117899874442999,-0.02122,-0.013683,-9.806967
207,,,1528117899907980999,-0.021245,-0.01356,-9.806968
208,,,1528117899941132000,-0.021438,-0.013623,-9.806967
209,,,1528117899974400000,-0.021450999999999998,-0.01354,-9.806967
210,,,1528117900007842999,-0.021533,-0.013701,-9.806967
211,,,1528117900041078999,-0.02126,-0.013438999999999998,-9.806968
212,,,1528117900074400999,-0.021314,-0.0136,-9.806967
213,,,1528117900108006000,-0.0215,-0.013550999999999999,-9.806967
214,,,1528117900141075999,-0.021654,-0.01385,-9.806966000000001
215,,,1528117900174372000,-0.021518000000000002,-0.013925,-9.806967
216,,,1528117900207766000,-0.02129,-0.01408,-9.806967
217,,,1528117900241011000,-0.021236,-0.014256999999999999,-9.806967
218,,,1528117900274391000,-0.020824000000000002,-0.014237999999999999,-9.806967
219,,,1528117900307603000,-0.020812999999999998,-0.014156,-9.806968
220,,,1528117900341028000,-0.020597,-0.014230000000000001,-9.806968
221,,,1528117900374402000,-0.020622,-0.014284999999999999,-9.806968
222,,,1528117900407670000,-0.020513,-0.014247999999999999,-9.806968
223,,,1528117900441071000,-0.020833,-0.014394,-9.806967
224,,,1528117900474415000,-0.020794999999999998,-0.014669,-9.806967
225,,,1528117900507679000,-0.020743,-0.014618,-9.806967
226,,,1528117900541069999,-0.020694,-0.014669999999999999,-9.806967
227,,,1528117900574413000,-0.020657,-0.014496,-9.806967
228,,,1528117900607269000,-0.021075999999999998,-0.014551,-9.806967
229,,,1528117900641069000,-0.020705,-0.014496,-9.806967
230,,,1528117900674155000,-0.020613,-0.014447,-9.806968
231,,,1528117900707317000,-0.02053,-0.01439,-9.806968
232,,,1528117900740038000,-0.020636,-0.014454,-9.806968
233,,,1528117900774455000,-0.02079,-0.014396,-9.806967
234,,,1528117900807331000,-0.021167,-0.014344999999999998,-9.806967
235,,,1528117900841400000,-0.021156,-0.014244999999999999,-9.806967
236,,,1528117900874403000,-0.021116,-0.014400999999999999,-9.806967
237,,,1528117900907375000,-0.021333,-0.014462000000000001,-9.806966000000001
238,,,1528117900941432000,-0.021115000000000002,-0.014613,-9.806966000000001
239,,,1528117900974498000,-0.02101,-0.014709,-9.806967
240,,,1528117901007346999,-0.021027,-0.014875,-9.806966000000001
241,,,1528117901041299000,-0.020715,-0.014816,-9.806967
242,,,1528117901074413000,-0.020714,-0.014669999999999999,-9.806967
243,,,1528117901107386999,-0.020618,-0.014665000000000001,-9.806967
244,,,1528117901141516000,-0.020715,-0.014555000000000002,-9.806967
245,,,1528117901174412000,-0.020771,-0.014518999999999999,-9.806967
246,,,1528117901207310000,-0.020745,-0.014357,-9.806967
247,,,1528117901241260000,-0.020531999999999998,-0.014403999999999998,-9.806968
248,,,1528117901274412000,-0.020439,-0.014303,-9.806968
249,,,1528117901307424000,-0.020347999999999998,-0.014606000000000001,-9.806968
250,,,1528117901341064999,-0.020562,-0.014493,-9.806968
251,,,1528117901374353999,-0.020548,-0.014413999999999998,-9.806968
252,,,1528117901407313999,-0.020615,-0.014471000000000001,-9.806968
253,,,1528117901441069000,-0.020452,-0.014356,-9.806968
254,,,1528117901474413999,-0.020403,-0.0144,-9.806968
255,,,1528117901507449000,-0.020404,-0.014109,-9.806968
256,,,1528117901541102000,-0.020562,-0.014255,-9.806968
257,,,1528117901573455000,-0.020669999999999997,-0.014311,-9.806968
258,,,1528117901607275000,-0.020662,-0.014357,-9.806968
259,,,1528117901641147000,-0.020725999999999998,-0.014234,-9.806968
260,,,1528117901674416000,-0.020715,-0.014311,-9.806968
261,,,1528117901706861000,-0.020993,-0.014263,-9.806967
262,,,1528117901740994000,-0.020788,-0.01429,-9.806967
263,,,1528117901774359000,-0.020774,-0.014469999999999998,-9.806967
264,,,1528117901807260000,-0.021144999999999997,-0.014471000000000001,-9.806967
265,,,1528117901840400000,-0.021199000000000003,-0.014251,-9.806967
266,,,1528117901873748000,-0.021092,-0.014071,-9.806967
267,,,1528117901907369000,-0.02094,-0.014022,-9.806968
268,,,1528117901940236000,-0.020839,-0.013796000000000001,-9.806968
269,,,1528117901974839000,-0.020944,-0.013802000000000002,-9.806968
270,,,1528117902007220000,-0.021038,-0.014043,-9.806967
271,,,1528117902041074000,-0.020988999999999997,-0.013918,-9.806968
272,,,1528117902074890000,-0.021143000000000002,-0.013905,-9.806967
273,,,1528117902107517000,-0.020827000000000002,-0.013956,-9.806968
274,,,1528117902141066000,-0.020835,-0.013943,-9.806968
275,,,1528117902174854000,-0.020885,-0.013978,-9.806968
276,,,1528117902207329000,-0.021103999999999998,-0.014094999999999998,-9.806967
277,,,1528117902241069000,-0.021004,-0.013919999999999998,-9.806968
278,,,1528117902274675000,-0.020893000000000002,-0.013897,-9.806968
279,,,1528117902307330000,-0.020896,-0.013902000000000001,-9.806968
280,,,1528117902341070000,-0.020833,-0.013897,-9.806968
281,,,1528117902373550000,-0.020975,-0.013897,-9.806968
282,,,1528117902407247000,-0.021016,-0.013947999999999999,-9.806968
283,,,1528117902441060000,-0.021115000000000002,-0.014038,-9.806967
284,,,1528117902474367000,-0.021006999999999998,-0.014146,-9.806967
285,,,1528117902507286000,-0.021106,-0.014100999999999999,-9.806967
286,,,1528117902541055000,-0.021256999999999998,-0.013886,-9.806967
287,,,1528117902574411000,-0.021197999999999998,-0.014144,-9.806967
288,,,1528117902607292000,-0.02134,-0.013951,-9.806967
289,,,1528117902641069000,-0.021387,-0.014094999999999998,-9.806967
290,,,1528117902674371000,-0.021431,-0.014086000000000001,-9.806967
291,,,1528117902709133999,-0.021572,-0.014096000000000001,-9.806966000000001
292,,,1528117902741003000,-0.021509,-0.014302,-9.806966000000001
293,,,1528117902774319000,-0.021605000000000003,-0.014764,-9.806965
294,,,1528117902807170000,-0.021328,-0.015091,-9.806965
295,,,1528117902840985000,-0.021534,-0.015093,-9.806965
296,,,1528117902873355000,-0.021574,-0.015073,-9.806965
297,,,1528117902907184000,-0.021567,-0.015184,-9.806964
298,,,1528117902940989000,-0.021509,-0.015279,-9.806964
299,,,1528117902974319000,-0.021299000000000002,-0.015276,-9.806965
300,,,1528117903007183000,-0.021193,-0.015335,-9.806965
301,,,1528117903040982000,-0.021487,-0.015226,-9.806965
302,,,1528117903074318000,-0.021322999999999998,-0.015277,-9.806965
303,,,1528117903107178000,-0.020991,-0.015321000000000001,-9.806966000000001
304,,,1528117903140994000,-0.020784,-0.015378999999999999,-9.806966000000001
305,,,1528117903174532000,-0.020678,-0.015325,-9.806966000000001
306,,,1528117903207187000,-0.020924,-0.015169,-9.806966000000001
307,,,1528117903240983000,-0.020868,-0.015378,-9.806966000000001
308,,,1528117903274320000,-0.020967,-0.015368999999999999,-9.806966000000001
309,,,1528117903307433000,-0.021586,-0.015419,-9.806964
310,,,1528117903341016999,-0.021838,-0.01546,-9.806964
311,,,1528117903374369999,-0.021884999999999998,-0.015396,-9.806964
312,,,1528117903407217999,-0.021823,-0.015465000000000001,-9.806964
313,,,1528117903441017000,-0.02175,-0.015375,-9.806964
314,,,1528117903474414999,-0.021795,-0.015361000000000001,-9.806964
315,,,1528117903507833000,-0.021662,-0.015171,-9.806964
316,,,1528117903540742000,-0.021855,-0.015080000000000001,-9.806964
317,,,1528117903574347000,-0.022058,-0.015068999999999999,-9.806964
318,,,1528117903607576000,-0.022296,-0.014981999999999999,-9.806963
319,,,1528117903641067000,-0.022225,-0.014738999999999999,-9.806964
320,,,1528117903674411000,-0.022112,-0.014625,-9.806964
321,,,1528117903707751000,-0.021883,-0.014578,-9.806965
322,,,1528117903741075000,-0.021873,-0.01445,-9.806965
323,,,1528117903774403999,-0.021806,-0.014327000000000001,-9.806966000000001
324,,,1528117903807551000,-0.022044,-0.014180000000000002,-9.806965
325,,,1528117903840086000,-0.022409000000000002,-0.014203,-9.806964
326,,,1528117903874405000,-0.022502,-0.014033000000000002,-9.806964
327,,,1528117903907435000,-0.022385,-0.014178999999999999,-9.806964
328,,,1528117903941070000,-0.022328999999999998,-0.014106,-9.806964
329,,,1528117903974407000,-0.022577,-0.014176,-9.806964
330,,,1528117904007330000,-0.022656,-0.014100999999999999,-9.806964
331,,,1528117904041074000,-0.022812,-0.014222,-9.806963
332,,,1528117904074403000,-0.023059,-0.014112000000000001,-9.806963
333,,,1528117904107407000,-0.022775,-0.013954,-9.806964
334,,,1528117904141033000,-0.023071,-0.013836000000000001,-9.806963
335,,,1528117904173374000,-0.023180000000000003,-0.013756,-9.806963
336,,,1528117904207322999,-0.023256,-0.013788,-9.806963
337,,,1528117904241070000,-0.023275999999999998,-0.013798,-9.806963
338,,,1528117904273429000,-0.023223,-0.013763,-9.806963
339,,,1528117904307309000,-0.023101,-0.013715999999999999,-9.806963
340,,,1528117904340047000,-0.023139,-0.013734999999999999,-9.806963
341,,,1528117904373417000,-0.023068,-0.013599000000000002,-9.806963
342,,,1528117904407335000,-0.023127,-0.013739,-9.806963
343,,,1528117904440203000,-0.023087,-0.01379,-9.806963
344,,,1528117904473818000,-0.02609,-0.019706,-9.806946
345,,,1528117904507356000,-0.039144,-0.078749,-9.806605000000001
346,,,1528117904540156000,-0.03123,-0.058279,-9.806777
347,,,1528117904573456000,-0.022557,-0.014549000000000001,-9.806963
348,,,1528117904607376000,-0.022588,-0.014254,-9.806964
349,,,1528117904641095000,-0.022550999999999998,-0.014094,-9.806964
350,,,1528117904673384000,-0.022297,-0.013982,-9.806965
351,,,1528117904707392000,-0.022175,-0.013833000000000002,-9.806965
352,,,1528117904740098000,-0.022078999999999998,-0.013683,-9.806966000000001
0,,,1528207322023446000,-0.710342,-4.741118,-8.555372
1,,,1528207322057066000,-1.098495,-4.911705,-8.416984
2,,,1528207322090132000,-1.313743,-5.068531,-8.292239
3,,,1528207322123399000,-1.37422,-4.9972129999999995,-8.325655000000001
4,,,1528207322156879000,-1.435956,-4.751863,-8.457835000000001
5,,,1528207322190418000,-1.332635,-4.490173,-8.61624
6,,,1528207322223388999,-1.313951,-4.5430980000000005,-8.591331
7,,,1528207322256737000,-1.550403,-4.720383999999999,-8.455258
8,,,1528207322289966000,-1.6610040000000001,-4.7548,-8.414873
9,,,1528207322323310000,-1.686539,-4.75015,-8.412421
10,,,1528207322355965000,-1.7338529999999999,-4.796437999999999,-8.37646
11,,,1528207322389998000,-1.7924830000000003,-4.851326,-8.332394
12,,,1528207322423338000,-1.7665240000000002,-4.83306,-8.348537
13,,,1528207322456705000,-1.794671,-4.855029,-8.329766000000001
14,,,1528207322490104000,-1.9612630000000002,-4.978015,-8.218877
15,,,1528207322523410999,-2.094451,-5.016643,-8.162334
16,,,1528207322556780000,-2.037398,-5.135427,-8.102687
17,,,1528207322590150000,-2.3749,-5.076509,-8.047736
18,,,1528207322623905000,-2.532538,-4.749728,-8.197773
19,,,1528207322656828000,-2.977434,-4.5610040000000005,-8.155322
20,,,1528207322690144000,-4.148168,-4.144747,-7.8607190000000005
21,,,1528207322723882000,-5.300692,-3.8792989999999996,-7.282225
22,,,1528207322756819999,-6.335891999999999,-3.3513269999999995,-6.693439
23,,,1528207322790141000,-7.380935000000001,-2.1796159999999998,-6.078492
24,,,1528207322823726000,-7.883725,-0.9115270000000001,-5.761335
25,,,1528207322856758000,-8.213218,0.128056,-5.357573
26,,,1528207322890079000,-8.683214999999999,1.253871,-4.382516000000001
27,,,1528207322923373000,-8.982287,2.180883,-3.277057
28,,,1528207322956837000,-9.000714,2.764586,-2.742449
29,,,1528207322990152000,-8.846451,3.339752,-2.6006080000000003
30,,,1528207323023434000,-8.712029,3.802614,-2.411947
31,,,1528207323056638999,-8.616381,4.179043,-2.114313
32,,,1528207323090312000,-8.403139999999999,4.826244,-1.507104
33,,,1528207323123420000,-7.854653999999999,5.834301,-0.664944
34,,,1528207323156392000,-6.97575,6.8909839999999996,0.173273
35,,,1528207323190296000,-5.837562,7.826564,0.9189719999999999
36,,,1528207323223459000,-4.789719,8.489542,1.078427
37,,,1528207323256813000,-4.0131879999999995,8.903019,0.898487
38,,,1528207323290235000,-3.407953,9.169674,0.692571
39,,,1528207323323599000,-3.147078,9.268388,0.607907
40,,,1528207323356814000,-3.125632,9.279092,0.552773
41,,,1528207323390349000,-3.15918,9.268634,0.537225
42,,,1528207323423495999,-3.1627919999999996,9.265293,0.572442
43,,,1528207323456805000,-2.907165,9.345461,0.622366
44,,,1528207323490287000,-2.355339,9.501282000000002,0.595431
45,,,1528207323523485000,-1.594258,9.666472,0.44066400000000006
46,,,1528207323556541000,-1.001157,9.750325,0.324651
47,,,1528207323590129000,-0.747419,9.766874000000001,0.475475
48,,,1528207323623452000,-0.6438119999999999,9.76561,0.628365
49,,,1528207323656825000,-1.168126,9.715026,0.655866
50,,,1528207323690115000,-2.149963,9.521879,0.9422959999999999
51,,,1528207323723475999,-3.258475,9.102737,1.642844
52,,,1528207323756683000,-4.122269,8.559814999999999,2.4316419999999996
53,,,1528207323790079000,-4.763344999999999,8.053662,2.9369080000000003
54,,,1528207323823297000,-5.398943,7.5600309999999995,3.1422369999999997
55,,,1528207323856661999,-6.084413,7.145623,2.845393
56,,,1528207323889990000,-6.72878,6.717619,2.402802
57,,,1528207323923306999,-7.463258000000001,6.025530000000001,2.041847
58,,,1528207323956646000,-8.058588,5.172294,2.1172779999999998
59,,,1528207323990003000,-8.335465,4.502142,2.535167
60,,,1528207324023333000,-8.353745,4.088992,3.1098790000000003
61,,,1528207324056760999,-8.223741,4.092798999999999,3.434419
62,,,1528207324089341999,-8.104997000000001,4.43885,3.283564
63,,,1528207324123402000,-7.931166999999999,5.139524,2.6188130000000003
64,,,1528207324156980000,-7.476558,6.084179,1.805621
65,,,1528207324190498000,-6.768421000000001,6.985772,1.2505709999999999
66,,,1528207324223445000,-5.687841000000001,7.954369,0.743618
67,,,1528207324256809000,-4.440213,8.740661,0.24878000000000003
68,,,1528207324290155000,-3.362794,9.209074000000001,-0.24726900000000002
69,,,1528207324323479000,-2.20533,9.521183,-0.8125140000000001
70,,,1528207324356816000,-1.252194,9.657999,-1.153995
71,,,1528207324390144000,-0.5742550000000001,9.711267,-1.240225
72,,,1528207324423546000,0.222167,9.742822,-1.097586
73,,,1528207324456806000,1.034011,9.715015,-0.851993
74,,,1528207324490140000,1.661244,9.644743,-0.6291260000000001
75,,,1528207324523551000,2.060851,9.581699,-0.347208
76,,,1528207324556815000,2.023644,9.592719,-0.247402
77,,,1528207324590148000,1.067218,9.748724000000001,-0.002466
78,,,1528207324623490000,-0.408045,9.78261,0.557272
79,,,1528207324656923000,-2.198604,9.454025999999999,1.401399
80,,,1528207324690429000,-3.438429,8.927711,2.156275
81,,,1528207324723563000,-4.515352,8.244786999999999,2.794889
82,,,1528207324756795000,-5.3878379999999995,7.657352,2.917622
83,,,1528207324790143999,-6.046755999999999,7.255955999999999,2.6389650000000002
84,,,1528207324823532000,-6.582802,6.941553999999999,2.158198
85,,,1528207324856773000,-7.268629,6.369515,1.6651259999999999
86,,,1528207324890148000,-7.928412,5.55489,1.5683799999999999
87,,,1528207324923485000,-8.343421000000001,4.795847,1.887741
88,,,1528207324956909000,-8.543613,4.151161,2.439438
89,,,1528207324990152000,-8.62359,3.827669,2.675625
90,,,1528207325023472000,-8.709797,3.7677699999999996,2.4738029999999998
91,,,1528207325056815000,-8.613375999999999,4.216492,2.051186
92,,,1528207325090306000,-8.297563,4.972082,1.6140809999999999
93,,,1528207325123474000,-7.818795,5.772908999999999,1.31011
94,,,1528207325156796000,-6.999357000000001,6.795965,1.000122
95,,,1528207325190150000,-5.919872,7.795727,0.598489
96,,,1528207325223462000,-4.852930000000001,8.520710000000001,0.152119
97,,,1528207325256807000,-3.4625160000000004,9.164458999999999,-0.447425
98,,,1528207325290157000,-2.039299,9.546903,-0.935109
99,,,1528207325323476000,-0.985721,9.699817,-1.057564
100,,,1528207325356801000,-8.8e-05,9.764472999999999,-0.911913
101,,,1528207325390144999,0.8897360000000001,9.74112,-0.703871
102,,,1528207325423643000,1.550409,9.667097,-0.565603
103,,,1528207325456754000,2.006646,9.591736000000001,-0.38529
104,,,1528207325490137999,1.782477,9.643446,-0.05624199999999999
105,,,1528207325523478000,1.397542,9.706137,0.11926199999999999
106,,,1528207325556845999,0.491903,9.791567,0.24426399999999998
107,,,1528207325590153000,-0.96835,9.744385000000001,0.534439
108,,,1528207325623490000,-2.18188,9.49885,1.0897290000000002
109,,,1528207325657241999,-3.429872,9.00183,1.8382610000000001
110,,,1528207325690153000,-4.589594,8.364958,2.266982
111,,,1528207325723472000,-5.499085,7.790729,2.289269
112,,,1528207325756976999,-6.4980199999999995,7.064578999999999,2.010869
113,,,1528207325790172000,-7.477453999999999,6.114152,1.6973349999999998
114,,,1528207325823487000,-8.14179,5.227257,1.6009790000000002
115,,,1528207325857154000,-8.572398,4.42025,1.7752330000000003
116,,,1528207325890180000,-8.831966,3.7934959999999998,1.944681
117,,,1528207325923473000,-8.990098,3.433439,1.888293
118,,,1528207325957017000,-8.993525,3.495279,1.753716
119,,,1528207325990144000,-8.663656,4.242339,1.766246
120,,,1528207326023484000,-8.048605,5.318696,1.762788
121,,,1528207326056907000,-7.368378999999999,6.287672,1.53239
122,,,1528207326090143000,-6.386707,7.370513000000001,1.0303229999999999
123,,,1528207326123473000,-5.182443,8.315415,0.415109
124,,,1528207326156805999,-4.077047,8.918998,0.073021
125,,,1528207326190151999,-2.9190009999999997,9.362458,-0.0032670000000000004
126,,,1528207326222922000,-1.923511,9.616461,-0.000699
127,,,1528207326256901999,-1.139249,9.740348,0.063083
128,,,1528207326290176000,-0.193956,9.802797,0.20938299999999999
129,,,1528207326323494999,0.850435,9.767321,0.229054
130,,,1528207326356824000,1.656841,9.663815,0.204682
131,,,1528207326390175000,2.18079,9.558856,0.22082800000000002
132,,,1528207326423496000,1.930037,9.608967,0.344995
133,,,1528207326456745000,1.414628,9.69544,0.41663999999999995
134,,,1528207326490058000,0.33024499999999996,9.788869,0.49526400000000004
135,,,1528207326523433000,-1.3075299999999999,9.688686,0.7720239999999999
136,,,1528207326556771000,-2.615575,9.380588000000001,1.157409
137,,,1528207326590104000,-3.8835040000000003,8.842766000000001,1.702979
138,,,1528207326623563000,-5.114167,8.092894,2.127568
139,,,1528207326656950000,-6.0476339999999995,7.397887,2.207615
140,,,1528207326690145999,-7.055325,6.540751,1.9018810000000002
141,,,1528207326723485000,-7.994528,5.511201,1.3749120000000001
142,,,1528207326756734000,-8.579128,4.624838,1.088853
143,,,1528207326790166000,-8.941857,3.8404010000000004,1.2127219999999999
144,,,1528207326823501000,-9.095156,3.281883,1.638149
145,,,1528207326856762000,-9.114962,3.04831,1.949709
146,,,1528207326890186000,-9.033613,3.222094,2.046456
147,,,1528207326923493000,-8.768573,3.960168,1.898755
148,,,1528207326956720000,-8.326637,4.893537,1.701921
149,,,1528207326990410000,-7.565504,6.082534,1.393575
150,,,1528207327024045000,-6.671939,7.126939999999999,0.9317709999999999
151,,,1528207327056825000,-5.828286,7.865367999999999,0.585979
152,,,1528207327090358999,-4.819921,8.535013000000001,0.3134
153,,,1528207327123483999,-3.8951,8.998352,0.18476800000000002
154,,,1528207327156801000,-3.004479,9.333907,0.166161
155,,,1528207327190200000,-2.263338,9.539121000000002,0.242446
156,,,1528207327222723000,-1.394944,9.701077,0.345746
157,,,1528207327256904000,-0.344848,9.794087,0.364948
158,,,1528207327290738000,0.6996939999999999,9.777505999999999,0.295093
159,,,1528207327323504000,1.776368,9.644058,0.11369800000000001
160,,,1528207327356802000,2.360672,9.518372,-0.064121
161,,,1528207327390412000,2.16664,9.564618,-0.0045520000000000005
162,,,1528207327423466000,1.633333,9.669976,-0.009939
163,,,1528207327457143000,0.660734,9.783881,-0.124295
164,,,1528207327490198000,-0.6440640000000001,9.785737,-0.030032
165,,,1528207327523475000,-2.1430569999999998,9.553606,0.558812
166,,,1528207327556802999,-3.3653489999999997,9.104409,1.40019
167,,,1528207327590158000,-4.349901,8.56425,1.976934
168,,,1528207327623472000,-5.499630000000001,7.744566000000001,2.439682
169,,,1528207327656825000,-6.201238,7.143573,2.586574
170,,,1528207327690145999,-6.507098,6.873442,2.5670669999999998
171,,,1528207327723487000,-6.659377,6.720097999999999,2.582486
172,,,1528207327756906000,-6.755703,6.574389,2.7044490000000003
173,,,1528207327790076000,-6.834009,6.418375,2.876952
174,,,1528207327823466000,-6.882964,6.301108,3.016101
175,,,1528207327856827000,-6.819352,6.401614,2.948185
176,,,1528207327890117000,-6.512196,6.816389999999999,2.70262
177,,,1528207327923489000,-5.981659,7.469674,2.144718
178,,,1528207327957066000,-5.391264,8.075982000000002,1.374348
179,,,1528207327990449000,-4.86299,8.487932,0.694584
180,,,1528207328024611000,-4.214117,8.855205999999999,-0.052941999999999996
181,,,1528207328056771000,-3.4667529999999998,9.141246,-0.771724
182,,,1528207328090123999,-2.601624,9.350503999999999,-1.405702
183,,,1528207328124272000,-1.877435,9.450339,-1.828314
184,,,1528207328156495000,-1.1725649999999999,9.520436,-2.040301
185,,,1528207328190138000,-0.5917979999999999,9.598898,-1.920249
186,,,1528207328223738000,-0.022425999999999998,9.66264,-1.676093
187,,,1528207328256887000,0.6013350000000001,9.704308000000001,-1.281056
188,,,1528207328290115000,1.1034760000000001,9.711419,-0.8043359999999999
189,,,1528207328324394000,1.301477,9.712427,-0.388778
190,,,1528207328356262999,0.9963280000000001,9.755802000000001,-0.088615
191,,,1528207328390080000,0.188317,9.803854,0.15849100000000002
192,,,1528207328424009000,-1.02998,9.736166,0.5676859999999999
193,,,1528207328456822000,-2.7275419999999997,9.340962,1.217742
194,,,1528207328490301000,-4.453984999999999,8.566949000000001,1.716209
195,,,1528207328523907000,-5.967668,7.634111,1.511059
196,,,1528207328557229000,-7.515523,6.280352,0.500261
197,,,1528207328590441000,-8.644819,4.508667,-1.056106
198,,,1528207328624105999,-9.033547,2.627052,-2.7695
199,,,1528207328656825000,-8.401246,0.43934300000000004,-5.040116
200,,,1528207328690428999,-7.093828,-1.4547299999999999,-6.613491000000001
201,,,1528207328723600000,-5.916748999999999,-2.969863,-7.235258999999999
202,,,1528207328756835000,-4.529189,-4.175091,-7.6309949999999995
203,,,1528207328790758000,-3.405131,-4.802409,-7.843404
204,,,1528207328823536000,-2.759122,-5.001027,-7.972078
205,,,1528207328856945000,-2.2107959999999998,-5.192638,-8.020346
206,,,1528207328890658999,-1.972373,-5.529683,-7.855532000000001
207,,,1528207328923492000,-1.736266,-5.537796,-7.905394
208,,,1528207328956803000,-1.4943549999999999,-5.3471150000000005,-8.084079
209,,,1528207328990057000,-1.429118,-5.222688,-8.176687
210,,,1528207329023469000,-1.421886,-5.228509,-8.174228999999999
211,,,1528207329056810000,-1.368801,-5.176211,-8.216466
212,,,1528207329090675000,-1.414504,-5.242462000000001,-8.166569
213,,,1528207329123469000,-1.471117,-5.33628,-8.095493
214,,,1528207329156802000,-1.554462,-5.44566,-8.006591
215,,,1528207329190243000,-1.650952,-5.642237000000001,-7.849624
216,,,1528207329223372000,-1.743325,-5.799297,-7.714015
217,,,1528207329256738000,-1.744646,-5.79301,-7.718439999999999
218,,,1528207329290063000,-1.612698,-5.7410309999999996,-7.785683000000001
219,,,1528207329323402000,-1.552233,-5.66665,-7.852180000000001
220,,,1528207329357107000,-1.4177819999999999,-5.77626,-7.7975509999999995
221,,,1528207329390467999,-1.360378,-5.858176,-7.746497
222,,,1528207329423466000,-1.347258,-5.657561,-7.8964550000000004
223,,,1528207329457174000,-1.269145,-5.3608150000000006,-8.113449000000001
224,,,1528207329490294000,-1.159275,-5.222472,-8.219429
225,,,1528207329523478999,-1.209035,-5.172639,-8.243735000000001
226,,,1528207329556958000,-1.374511,-5.163268,-8.223656
227,,,1528207329590481000,-1.4346709999999998,-5.262642,-8.150057
228,,,1528207329623469999,-1.44181,-5.382954,-8.069825999999999
229,,,1528207329657125000,-1.501675,-5.554589,-7.941574
230,,,1528207329690148000,-1.514896,-5.650071,-7.871397
231,,,1528207329723478000,-1.5843969999999998,-5.670929,-7.842661
232,,,1528207329756991000,-1.7241220000000002,-5.672737000000001,-7.81182
233,,,1528207329790211999,-1.9406849999999998,-5.595523,-7.8167100000000005
234,,,1528207329823464000,-1.8127659999999999,-5.595689,-7.847242999999999
235,,,1528207329856825000,-1.6918119999999999,-5.575591999999999,-7.8884490000000005
236,,,1528207329890148000,-1.688791,-5.415285,-7.999986
237,,,1528207329923501000,-1.7152330000000002,-5.189322,-8.142852
238,,,1528207329956903000,-1.71375,-5.097711,-8.200825
239,,,1528207329990310000,-1.717828,-5.0966059999999995,-8.200658
240,,,1528207330023471000,-1.8017869999999998,-5.1288730000000005,-8.162435
241,,,1528207330056825999,-1.9420529999999998,-5.090643,-8.154196
242,,,1528207330090130999,-2.0021310000000003,-5.009759,-8.189682000000001
243,,,1528207330123494000,-2.0229340000000002,-4.980965,-8.202124000000001
244,,,1528207330156797000,-1.9882220000000002,-5.088832,-8.144193
245,,,1528207330190196000,-1.769182,-5.443756,-7.963203999999999
246,,,1528207330223474000,-1.608539,-5.729818,-7.794797999999999
247,,,1528207330256812000,-1.494879,-5.762669,-7.793206
248,,,1528207330290130000,-1.451662,-5.698647,-7.848260000000001
249,,,1528207330325941000,-1.444375,-5.695983999999999,-7.8515369999999995
250,,,1528207330356744000,-1.468963,-5.905888,-7.690233999999999
251,,,1528207330390146000,-1.629648,-5.902323,-7.6605419999999995
252,,,1528207330423498000,-1.8845830000000001,-5.616658999999999,-7.815278
253,,,1528207330456778999,-2.0260290000000003,-5.461954,-7.8891919999999995
254,,,1528207330489982000,-2.1017240000000004,-5.478204,-7.858060000000001
255,,,1528207330523358999,-2.1845529999999997,-5.5277709999999995,-7.800546000000001
256,,,1528207330555936000,-2.188484,-5.5610230000000005,-7.77577
257,,,1528207330590029000,-2.124706,-5.633374,-7.741302
258,,,1528207330623395000,-1.985169,-5.791068,-7.661571
259,,,1528207330656747000,-1.8701130000000001,-5.889518,-7.615332
260,,,1528207330690089000,-1.7772880000000002,-5.893783999999999,-7.634238000000001
261,,,1528207330723405999,-1.858334,-5.703583999999999,-7.7584
262,,,1528207330756869000,-1.900709,-5.46696,-7.916861999999999
263,,,1528207330790306000,-2.126488,-5.18077,-8.05076
264,,,1528207330823500000,-2.2135569999999998,-4.951085,-8.170923
265,,,1528207330856927000,-2.4488630000000002,-4.849994000000001,-8.164416000000001
266,,,1528207330890260000,-2.9931200000000002,-4.699380000000001,-8.07057
267,,,1528207330923475000,-4.392812,-4.092080999999999,-7.754682000000001
268,,,1528207330956806000,-6.122183000000001,-3.1203119999999998,-6.997102000000001
269,,,1528207330990389000,-7.175853,-2.255692,-6.292522
270,,,1528207331023533000,-8.036245,-1.0609030000000002,-5.519965
271,,,1528207331056886000,-8.534642999999999,0.182866,-4.827332
272,,,1528207331090203000,-8.772901,1.249042,-4.2015199999999995
273,,,1528207331123544000,-8.763871,2.216724,-3.802283
274,,,1528207331156905000,-8.704178,3.052833,-3.330782
275,,,1528207331190275999,-8.56253,3.619764,-3.123615
276,,,1528207331223466000,-8.431578,4.17983,-2.7593509999999997
277,,,1528207331256801000,-8.29766,4.743375,-2.196735
278,,,1528207331290210000,-8.229422,5.001742,-1.853534
279,,,1528207331323541000,-8.363023,4.847007,-1.656134
280,,,1528207331356891000,-8.475999,4.7330239999999995,-1.390081
281,,,1528207331390203000,-8.523513000000001,4.71399,-1.142113
282,,,1528207331423527000,-8.561695,4.675763,-1.005478
283,,,1528207331455938000,-8.605553,4.591271,-1.020299
284,,,1528207331490079000,-8.686684,4.42646,-1.0603479999999998
285,,,1528207331523569000,-8.844493,4.119949,-0.9885719999999999
286,,,1528207331556910000,-9.042584,3.727324,-0.717621
287,,,1528207331590198000,-9.175464999999999,3.4417190000000004,-0.376296
288,,,1528207331623534000,-9.239467,3.2789660000000005,0.238081
289,,,1528207331656834000,-9.145935,3.385672,1.032035
290,,,1528207331690260000,-8.928974,3.797167,1.4250770000000001
291,,,1528207331723549000,-8.58624,4.565144,1.269599
292,,,1528207331756843000,-7.967834,5.684671,0.611685
293,,,1528207331790203000,-7.0577630000000005,6.808756,-0.070625
294,,,1528207331823551000,-6.2638370000000005,7.529644,-0.49498000000000003
295,,,1528207331856871000,-5.431533,8.129824000000001,-0.761954
296,,,1528207331890216000,-4.721183,8.555027,-0.835526
297,,,1528207331923717000,-3.9518519999999997,8.928796,-0.914111
298,,,1528207331956896000,-3.3138400000000003,9.168366,-1.0656709999999998
299,,,1528207331990195000,-2.894085,9.294213000000001,-1.190796
300,,,1528207332023793000,-2.552824,9.380991,-1.2869469999999998
301,,,1528207332056005000,-2.244992,9.463312,-1.2577399999999999
302,,,1528207332090133000,-1.5281280000000002,9.616817999999999,-1.16526
303,,,1528207332123512000,-0.627195,9.715455,-1.180142
304,,,1528207332156810000,0.44142700000000007,9.718641,-1.236674
305,,,1528207332190306000,1.2429290000000002,9.637843,-1.320338
306,,,1528207332223596000,1.346485,9.603052,-1.464438
307,,,1528207332256877000,0.563292,9.685828,-1.429573
308,,,1528207332290128000,-1.156531,9.662694,-1.212824
309,,,1528207332323554000,-2.765105,9.37465,-0.803878
310,,,1528207332356873000,-4.269264,8.827618,-0.150094
311,,,1528207332389399000,-5.473767,8.129475999999999,0.354078
312,,,1528207332423530000,-6.357037999999999,7.448828999999999,0.5281359999999999
313,,,1528207332457118000,-7.168207000000001,6.686686,0.284603
314,,,1528207332489228000,-7.845999000000001,5.879742,-0.21186799999999997
315,,,1528207332523021000,-8.368347,5.071371,-0.6541859999999999
316,,,1528207332555975000,-8.844236,4.046716,-1.256842
317,,,1528207332589296000,-9.055926,3.3647519999999997,-1.6866450000000002
318,,,1528207332622691000,-9.167116,3.029734,-1.7207
319,,,1528207332656837000,-9.167406,3.152171,-1.4827620000000001
320,,,1528207332689297000,-8.936179,3.877449,-1.1340729999999999
321,,,1528207332723547000,-8.466771000000001,4.900228,-0.691046
322,,,1528207332756682000,-7.577374000000001,6.222932,-0.18559
323,,,1528207332790163000,-6.444262,7.391617999999999,-0.106722
324,,,1528207332823412000,-5.387135,8.181834,-0.460758
325,,,1528207332856832000,-4.01889,8.887073,-1.021995
326,,,1528207332889273000,-2.565738,9.348974,-1.47979
327,,,1528207332922699000,-1.395149,9.532953,-1.830973
328,,,1528207332956889000,-0.294053,9.559645,-2.168609
329,,,1528207332989260000,0.460132,9.536763,-2.239335
330,,,1528207333022679000,0.8821469999999999,9.558326,-2.0090779999999997
331,,,1528207333056004000,1.4126020000000001,9.569086,-1.616555
332,,,1528207333089864000,2.044635,9.507119,-1.268942
333,,,1528207333123548000,2.430376,9.442321000000002,-1.054441
334,,,1528207333157312000,2.411727,9.478883,-0.714368
335,,,1528207333189351000,1.9993330000000002,9.59084,-0.440924
336,,,1528207333223469999,0.9260510000000001,9.760763,-0.214062
337,,,1528207333256007000,-0.52689,9.787612,0.3175
338,,,1528207333289309000,-2.339582,9.448453,1.195302
339,,,1528207333322716999,-4.221723,8.684314,1.7132720000000001
340,,,1528207333357011000,-5.847167,7.713425,1.5777370000000002
341,,,1528207333389273000,-7.4455789999999995,6.356153,0.581642
342,,,1528207333422749000,-8.623451,4.540080000000001,-1.095285
343,,,1528207333456066000,-9.008828,2.677384,-2.801567
344,,,1528207333489431000,-8.561312,0.501724,-4.756957
345,,,1528207333523622999,-7.522436,-1.448423,-6.1230459999999995
346,,,1528207333556130000,-6.404348000000001,-2.801675,-6.878353
347,,,1528207333589205000,-5.126119999999999,-3.6735919999999997,-7.510292999999999
348,,,1528207333623401000,-4.217766,-4.097942,-7.8482009999999995
349,,,1528207333656052000,-3.640615,-4.184011,-8.088075
350,,,1528207333689321000,-3.0463169999999997,-4.308829,-8.266255000000001
351,,,1528207333723479000,-2.698,-4.3658790000000005,-8.35685
352,,,1528207333756357000,-2.626655,-4.262004,-8.432856
353,,,1528207333790128000,-2.6338369999999998,-4.09639,-8.512317999999999
354,,,1528207333822723000,-2.503673,-3.9700900000000003,-8.610871000000001
355,,,1528207333856368000,-2.25818,-3.8828160000000005,-8.717881
356,,,1528207333890130000,-2.047142,-3.9260620000000004,-8.750563
357,,,1528207333922787000,-1.975898,-4.18864,-8.644547
358,,,1528207333956891000,-2.001584,-4.4550160000000005,-8.504325999999999
359,,,1528207333989277000,-1.882771,-4.735603,-8.378919
360,,,1528207334022678000,-1.617718,-4.929819999999999,-8.322073
0,smatphone,gravity,1528204293016883000,-0.14663199999999998,-4.124612,-8.896221
1,smatphone,gravity,1528204293049358000,-0.23183800000000002,-4.141246,-8.886675
2,smatphone,gravity,1528204293082714000,-0.34336,-4.141476,-8.882958
3,smatphone,gravity,1528204293116043000,-0.43595,-4.180185,-8.860736
4,smatphone,gravity,1528204293149355000,-0.47915100000000005,-4.177153,-8.859936
5,smatphone,gravity,1528204293182690000,-0.5054069999999999,-4.149651,-8.871393
6,smatphone,gravity,1528204293216075000,-0.530983,-4.119342,-8.884016
7,smatphone,gravity,1528204293249261000,-0.5456840000000001,-4.065671,-8.907817999999999
8,smatphone,gravity,1528204293282634999,-0.577331,-3.986454,-8.941563
9,smatphone,gravity,1528204293315977000,-0.5617979999999999,-3.942444,-8.962043
10,smatphone,gravity,1528204293349261999,-0.5325850000000001,-3.9101019999999997,-8.977982
11,smatphone,gravity,1528204293382582000,-0.51518,-3.8768589999999996,-8.993400999999999
12,smatphone,gravity,1528204293415138000,-0.50257,-3.8665580000000004,-8.998548
13,smatphone,gravity,1528204293449275000,-0.491802,-3.8590400000000002,-9.002369999999999
14,smatphone,gravity,1528204293482584000,-0.479091,-3.826533,-9.016919999999999
15,smatphone,gravity,1528204293515919999,-0.44686899999999996,-3.805411,-9.027507
16,smatphone,gravity,1528204293549252000,-0.411865,-3.8106089999999995,-9.026978999999999
17,smatphone,gravity,1528204293582588000,-0.38603000000000004,-3.784644,-9.039036
18,smatphone,gravity,1528204293615914000,-0.362877,-3.7669589999999995,-9.047379
19,smatphone,gravity,1528204293649267000,-0.357415,-3.789619,-9.038129
20,smatphone,gravity,1528204293682597000,-0.349583,-3.7801709999999997,-9.042391
21,smatphone,gravity,1528204293715919000,-0.346614,-3.7761410000000004,-9.044189
22,smatphone,gravity,1528204293748506999,-0.344644,-3.8049839999999997,-9.032166
23,smatphone,gravity,1528204293782600000,-0.34458,-3.840186,-9.017257
24,smatphone,gravity,1528204293815993000,-0.351513,-3.8524629999999997,-9.011751
25,smatphone,gravity,1528204293849273000,-0.35927800000000004,-3.863267,-9.006817999999999
26,smatphone,gravity,1528204293882594000,-0.366842,-3.871516,-9.002971
27,smatphone,gravity,1528204293916013000,-0.37440300000000004,-3.8557069999999998,-9.009442
28,smatphone,gravity,1528204293949277000,-0.3656,-3.839146,-9.016872
29,smatphone,gravity,1528204293982605000,-0.36540500000000004,-3.829104,-9.021149000000001
30,smatphone,gravity,1528204294015936000,-0.382822,-3.825971,-9.021757000000001
31,smatphone,gravity,1528204294049423000,-0.39958899999999997,-3.8187269999999995,-9.024099
32,smatphone,gravity,1528204294082631000,-0.398387,-3.802332,-9.031073
33,smatphone,gravity,1528204294115972000,-0.403911,-3.811225,-9.027078999999999
34,smatphone,gravity,1528204294149295999,-0.43281000000000003,-3.833281,-9.016392999999999
35,smatphone,gravity,1528204294182632000,-0.44765200000000005,-3.828175,-9.017837
36,smatphone,gravity,1528204294216019000,-0.450733,-3.825286,-9.01891
37,smatphone,gravity,1528204294249337999,-0.461476,-3.8499160000000003,-9.007878999999999
38,smatphone,gravity,1528204294282053000,-0.470314,-3.849593,-9.007559
39,smatphone,gravity,1528204294316003000,-0.481282,-3.836963,-9.012367999999999
40,smatphone,gravity,1528204294349407000,-0.482283,-3.847026,-9.008024
41,smatphone,gravity,1528204294382645000,-0.474311,-3.856722,-9.0043
42,smatphone,gravity,1528204294415973000,-0.471282,-3.860768,-9.002725
43,smatphone,gravity,1528204294449346000,-0.473458,-3.8921910000000004,-8.989069
44,smatphone,gravity,1528204294482678000,-0.473191,-3.919925,-8.977024
45,smatphone,gravity,1528204294516012000,-0.45694300000000004,-3.918478,-8.978497
46,smatphone,gravity,1528204294549344000,-0.45501199999999997,-3.9138599999999997,-8.980609
47,smatphone,gravity,1528204294582679999,-0.46077799999999997,-3.9197889999999997,-8.977727999999999
48,smatphone,gravity,1528204294616052000,-0.459016,-3.923618,-8.976146
49,smatphone,gravity,1528204294649418000,-0.45457700000000006,-3.927307,-8.974758
50,smatphone,gravity,1528204294682659999,-0.44231400000000004,-3.919258,-8.978889
51,smatphone,gravity,1528204294716019000,-0.42418599999999995,-3.913222,-8.982396000000001
52,smatphone,gravity,1528204294748472000,-0.41478400000000004,-3.922932,-8.978599
53,smatphone,gravity,1528204294782683000,-0.404285,-3.921497,-8.979704
54,smatphone,gravity,1528204294816015000,-0.390361,-3.935193,-8.974328
55,smatphone,gravity,1528204294848499000,-0.384067,-3.959725,-8.963802000000001
56,smatphone,gravity,1528204294882681000,-0.378905,-3.944442,-8.970757
57,smatphone,gravity,1528204294916011000,-0.361835,-3.9288019999999997,-8.978322
58,smatphone,gravity,1528204294949681000,-0.358133,-3.9475510000000003,-8.970243
59,smatphone,gravity,1528204294982683000,-0.35847199999999996,-3.951793,-8.968361999999999
60,smatphone,gravity,1528204295016236000,-0.370719,-3.947539,-8.969737
61,smatphone,gravity,1528204295049903000,-0.359446,-3.906113,-8.988313
62,smatphone,gravity,1528204295082681000,-0.337642,-3.838025,-9.018441000000001
63,smatphone,gravity,1528204295116006999,-0.340406,-3.798311,-9.035136
64,smatphone,gravity,1528204295149988000,-0.33658699999999997,-3.822475,-9.025083
65,smatphone,gravity,1528204295182805000,-0.326455,-3.823494,-9.025023
66,smatphone,gravity,1528204295216123000,-0.31182,-3.7966339999999996,-9.036873
67,smatphone,gravity,1528204295249968999,-0.303103,-3.76895,-9.04875
68,smatphone,gravity,1528204295282809000,-0.314267,-3.735232,-9.062339999999999
69,smatphone,gravity,1528204295315953000,-0.323909,-3.7160309999999996,-9.069891
70,smatphone,gravity,1528204295349621000,-0.341331,-3.713084,-9.07046
71,smatphone,gravity,1528204295382179000,-0.352179,-3.7099910000000005,-9.07131
72,smatphone,gravity,1528204295415274000,-0.363817,-3.732192,-9.061738
73,smatphone,gravity,1528204295449577000,-0.36782,-3.816676,-9.026317
74,smatphone,gravity,1528204295482683000,-0.391533,-3.925849,-8.978367
75,smatphone,gravity,1528204295516008000,-0.40741900000000003,-4.0054110000000005,-8.942445
76,smatphone,gravity,1528204295549540000,-0.373395,-4.076924,-8.911559
77,smatphone,gravity,1528204295582643999,-0.30766,-4.090032,-8.908064
78,smatphone,gravity,1528204295616006000,-0.22139299999999998,-4.065509,-8.921841
79,smatphone,gravity,1528204295649604000,-0.166076,-4.000859999999999,-8.952217
80,smatphone,gravity,1528204295682616000,-0.168927,-3.898789,-8.997086999999999
81,smatphone,gravity,1528204295716071000,-0.221808,-3.815776,-9.031464999999999
82,smatphone,gravity,1528204295749372000,-0.24730300000000002,-3.6542980000000003,-9.097344999999999
83,smatphone,gravity,1528204295782639000,-0.271329,-3.3989300000000005,-9.195133
84,smatphone,gravity,1528204295816013000,-0.273557,-3.169165,-9.276767999999999
85,smatphone,gravity,1528204295849445000,-0.325875,-3.028567,-9.321936
86,smatphone,gravity,1528204295882686000,-0.38590599999999997,-2.977595,-9.336055
87,smatphone,gravity,1528204295915984000,-0.43707700000000005,-2.926332,-9.349999
88,smatphone,gravity,1528204295948481000,-0.470366,-2.788439,-9.390438
89,smatphone,gravity,1528204295982688000,-0.463095,-2.670348,-9.42506
90,smatphone,gravity,1528204296016102999,-0.472545,-2.645405,-9.431623
91,smatphone,gravity,1528204296049432000,-0.508761,-2.656589,-9.426594
92,smatphone,gravity,1528204296082683000,-0.534301,-2.612238,-9.43757
93,smatphone,gravity,1528204296116006000,-0.5190060000000001,-2.532852,-9.460036
94,smatphone,gravity,1528204296149400999,-0.498413,-2.4555740000000004,-9.481496
95,smatphone,gravity,1528204296182677000,-0.503417,-2.4294279999999997,-9.487964999999999
96,smatphone,gravity,1528204296216029000,-0.519834,-2.4355700000000002,-9.485503999999999
97,smatphone,gravity,1528204296249412000,-0.50845,-2.409553,-9.492764
98,smatphone,gravity,1528204296282982000,-0.47851400000000005,-2.3769,-9.502547
99,smatphone,gravity,1528204296316007000,-0.479966,-2.376017,-9.502695
100,smatphone,gravity,1528204296349306000,-0.502789,-2.402135,-9.494945
101,smatphone,gravity,1528204296382808999,-0.520787,-2.437605,-9.484929
102,smatphone,gravity,1528204296416007000,-0.50634,-2.447545,-9.483152
103,smatphone,gravity,1528204296449329000,-0.48853500000000005,-2.4403099999999998,-9.48595
104,smatphone,gravity,1528204296482691999,-0.496595,-2.444241,-9.484519
105,smatphone,gravity,1528204296516121000,-0.523165,-2.45011,-9.481575999999999
106,smatphone,gravity,1528204296549317000,-0.534287,-2.440748,-9.483369999999999
107,smatphone,gravity,1528204296582876000,-0.549622,-2.430612,-9.485097
108,smatphone,gravity,1528204296616024000,-0.553504,-2.425439,-9.486195
109,smatphone,gravity,1528204296649305000,-0.548249,-2.427452,-9.485985000000001
110,smatphone,gravity,1528204296682528000,-0.540794,-2.424069,-9.487278
111,smatphone,gravity,1528204296716025000,-0.537377,-2.418525,-9.488888000000001
112,smatphone,gravity,1528204296749303000,-0.5329510000000001,-2.414625,-9.49013
113,smatphone,gravity,1528204296782690000,-0.524174,-2.406279,-9.492739
114,smatphone,gravity,1528204296816015000,-0.521903,-2.406456,-9.492819
115,smatphone,gravity,1528204296849457000,-0.5212100000000001,-2.403809,-9.493528
116,smatphone,gravity,1528204296882686000,-0.5243140000000001,-2.3976189999999997,-9.494923
117,smatphone,gravity,1528204296915149000,-0.517883,-2.389652,-9.497284
118,smatphone,gravity,1528204296949308000,-0.506514,-2.383578,-9.499423
119,smatphone,gravity,1528204296982615000,-0.49113900000000005,-2.415278,-9.492221
120,smatphone,gravity,1528204297015952999,-0.45958000000000004,-2.4514270000000002,-9.484531
121,smatphone,gravity,1528204297048522000,-0.419382,-2.4301169999999996,-9.491875
122,smatphone,gravity,1528204297082637000,-0.398866,-2.406382,-9.498803
123,smatphone,gravity,1528204297115985000,-0.39962,-2.4113740000000004,-9.497506
124,smatphone,gravity,1528204297149343000,-0.390871,-2.420302,-9.495599
125,smatphone,gravity,1528204297182689000,-0.40171999999999997,-2.428172,-9.493136
126,smatphone,gravity,1528204297216130000,-0.403546,-2.429744,-9.492657000000001
127,smatphone,gravity,1528204297249859000,-0.40120300000000003,-2.409103,-9.498014999999999
128,smatphone,gravity,1528204297282723000,-0.407024,-2.3791,-9.505328
129,smatphone,gravity,1528204297316013000,-0.41261400000000004,-2.373893,-9.506389
130,smatphone,gravity,1528204297349307000,-0.40813,-2.374117,-9.506526
131,smatphone,gravity,1528204297382912999,-0.41262,-2.368705,-9.507683
132,smatphone,gravity,1528204297416210000,-0.414626,-2.3562220000000003,-9.510697
133,smatphone,gravity,1528204297449351999,-0.404906,-2.332237,-9.517025
134,smatphone,gravity,1528204297482678000,-0.403519,-2.320811,-9.519877000000001
135,smatphone,gravity,1528204297516229000,-0.41088900000000006,-2.318811,-9.520049
136,smatphone,gravity,1528204297549408000,-0.408986,-2.306435,-9.523137
137,smatphone,gravity,1528204297584147000,-0.405521,-2.310522,-9.522294
138,smatphone,gravity,1528204297616051000,-0.402359,-2.3067729999999997,-9.523338
139,smatphone,gravity,1528204297649349000,-0.398374,-2.293956,-9.526601
140,smatphone,gravity,1528204297682686000,-0.39844,-2.303893,-9.5242
141,smatphone,gravity,1528204297716083000,-0.408494,-2.314956,-9.52109
142,smatphone,gravity,1528204297749333999,-0.41951000000000005,-2.310404,-9.521717
143,smatphone,gravity,1528204297782736000,-0.42440500000000003,-2.300037,-9.52401
144,smatphone,gravity,1528204297816194000,-0.442608,-2.277187,-9.528671000000001
145,smatphone,gravity,1528204297849143000,-0.46632299999999993,-2.2292919999999996,-9.538861
146,smatphone,gravity,1528204297882681000,-0.477096,-2.227041,-9.538853999999999
147,smatphone,gravity,1528204297916003000,-0.49289799999999995,-2.238438,-9.535382
148,smatphone,gravity,1528204297949360000,-0.49187200000000003,-2.22071,-9.539579
149,smatphone,gravity,1528204297982685000,-0.48250299999999996,-2.233078,-9.53717
150,smatphone,gravity,1528204298016576000,-0.484142,-2.269804,-9.528413
151,smatphone,gravity,1528204298048670000,-0.470192,-2.284059,-9.525705
152,smatphone,gravity,1528204298082682000,-0.46778400000000003,-2.321415,-9.516789
153,smatphone,gravity,1528204298116028000,-0.46866499999999994,-2.34729,-9.510396
154,smatphone,gravity,1528204298149324000,-0.458976,-2.3503279999999998,-9.510117999999999
155,smatphone,gravity,1528204298182775000,-0.470233,-2.360616,-9.507019999999999
156,smatphone,gravity,1528204298216065000,-0.48681499999999994,-2.37825,-9.501788000000001
157,smatphone,gravity,1528204298249374000,-0.490313,-2.3843810000000003,-9.500072
158,smatphone,gravity,1528204298282319000,-0.493338,-2.404321,-9.494888000000001
159,smatphone,gravity,1528204298315998000,-0.515224,-2.4513599999999998,-9.481688
160,smatphone,gravity,1528204298350423000,-0.521437,-2.49969,-9.46872
161,smatphone,gravity,1528204298382709999,-0.509406,-2.5466159999999998,-9.456863
162,smatphone,gravity,1528204298416091000,-0.504255,-2.5739549999999998,-9.449734
163,smatphone,gravity,1528204298449345000,-0.508285,-2.5842389999999997,-9.446712
164,smatphone,gravity,1528204298482680000,-0.51156,-2.5978,-9.442814
165,smatphone,gravity,1528204298516067000,-0.521986,-2.632802,-9.432542999999999
166,smatphone,gravity,1528204298549351000,-0.533301,-2.6470599999999997,-9.427919000000001
167,smatphone,gravity,1528204298582689000,-0.5361640000000001,-2.652813,-9.426139
168,smatphone,gravity,1528204298616137999,-0.5404,-2.660573,-9.423708999999999
169,smatphone,gravity,1528204298649414000,-0.541888,-2.6545229999999997,-9.42533
170,smatphone,gravity,1528204298682763000,-0.548247,-2.652166,-9.425626
171,smatphone,gravity,1528204298716089000,-0.5577989999999999,-2.649241,-9.425888
172,smatphone,gravity,1528204298748346000,-0.5534640000000001,-2.646184,-9.427002
173,smatphone,gravity,1528204298782776000,-0.554744,-2.659957,-9.42305
174,smatphone,gravity,1528204298816040000,-0.5579810000000001,-2.666425,-9.421031
175,smatphone,gravity,1528204298849539000,-0.5559189999999999,-2.6510759999999998,-9.425483999999999
176,smatphone,gravity,1528204298882681000,-0.548758,-2.6586119999999998,-9.42378
177,smatphone,gravity,1528204298916062000,-0.554064,-2.691996,-9.413986999999999
178,smatphone,gravity,1528204298948938000,-0.5567310000000001,-2.67913,-9.417499000000001
179,smatphone,gravity,1528204298982692000,-0.553099,-2.672516,-9.419592999999999
180,smatphone,gravity,1528204299016160000,-0.553003,-2.677629,-9.418146
181,smatphone,gravity,1528204299049322000,-0.559819,-2.6763630000000003,-9.418103
182,smatphone,gravity,1528204299082727999,-0.565997,-2.682302,-9.416044
183,smatphone,gravity,1528204299116017000,-0.563481,-2.682509,-9.416136
184,smatphone,gravity,1528204299149184000,-0.562549,-2.6766419999999997,-9.417861
185,smatphone,gravity,1528204299182657000,-0.565172,-2.67468,-9.418261
186,smatphone,gravity,1528204299216038000,-0.568449,-2.665994,-9.420527
187,smatphone,gravity,1528204299248508000,-0.5756680000000001,-2.673514,-9.417956
188,smatphone,gravity,1528204299282655999,-0.581964,-2.679577,-9.415846
189,smatphone,gravity,1528204299316020000,-0.580279,-2.665146,-9.420045
190,smatphone,gravity,1528204299349325000,-0.5903930000000001,-2.676911,-9.416080000000001
191,smatphone,gravity,1528204299382683999,-0.597774,-2.673296,-9.416641
192,smatphone,gravity,1528204299416004000,-0.594671,-2.672425,-9.417085
193,smatphone,gravity,1528204299448663000,-0.6045590000000001,-2.68339,-9.413336
194,smatphone,gravity,1528204299482703000,-0.60492,-2.667734,-9.417762
195,smatphone,gravity,1528204299516116999,-0.604625,-2.669572,-9.41726
196,smatphone,gravity,1528204299549363000,-0.607192,-2.667278,-9.417745
197,smatphone,gravity,1528204299582686000,-0.60702,-2.657367,-9.420558
198,smatphone,gravity,1528204299616039000,-0.614321,-2.6793009999999997,-9.413869
199,smatphone,gravity,1528204299648485000,-0.6195350000000001,-2.675232,-9.414685
200,smatphone,gravity,1528204299682671000,-0.615653,-2.6597310000000003,-9.419331
201,smatphone,gravity,1528204299716024000,-0.621325,-2.691974,-9.409792999999999
202,smatphone,gravity,1528204299748498000,-0.6217020000000001,-2.694615,-9.409011999999999
203,smatphone,gravity,1528204299782664000,-0.621334,-2.681477,-9.41279
204,smatphone,gravity,1528204299816026000,-0.6329279999999999,-2.723077,-9.400065
205,smatphone,gravity,1528204299848899000,-0.64278,-2.73365,-9.396327000000001
206,smatphone,gravity,1528204299882686000,-0.641777,-2.718239,-9.400866
207,smatphone,gravity,1528204299916021000,-0.651349,-2.7364029999999997,-9.394936
208,smatphone,gravity,1528204299949413000,-0.6585850000000001,-2.734739,-9.394916
209,smatphone,gravity,1528204299983289000,-0.666488,-2.731513,-9.395297
210,smatphone,gravity,1528204300016013000,-0.673056,-2.740509,-9.392209
211,smatphone,gravity,1528204300048625000,-0.671025,-2.73897,-9.392803
212,smatphone,gravity,1528204300082910000,-0.679678,-2.732736,-9.393997
213,smatphone,gravity,1528204300116036999,-0.693533,-2.7450360000000003,-9.389397
214,smatphone,gravity,1528204300148911000,-0.697222,-2.74823,-9.388189
215,smatphone,gravity,1528204300182867000,-0.694221,-2.7386470000000003,-9.391211
216,smatphone,gravity,1528204300215497000,-0.699026,-2.735394,-9.391803
217,smatphone,gravity,1528204300249318000,-0.716576,-2.7568490000000003,-9.384203999999999
218,smatphone,gravity,1528204300282719000,-0.726935,-2.746372,-9.386479
219,smatphone,gravity,1528204300316028999,-0.729266,-2.742106,-9.387546
220,smatphone,gravity,1528204300349736000,-0.739608,-2.755473,-9.382821
221,smatphone,gravity,1528204300382860000,-0.742454,-2.747566,-9.384915
222,smatphone,gravity,1528204300416021000,-0.750265,-2.762276,-9.379974
223,smatphone,gravity,1528204300449346000,-0.763155,-2.766061,-9.377819
224,smatphone,gravity,1528204300482753999,-0.7488600000000001,-2.746233,-9.384796000000001
225,smatphone,gravity,1528204300516035000,-0.742208,-2.7642450000000003,-9.380035000000001
226,smatphone,gravity,1528204300549313000,-0.744081,-2.771168,-9.377844
227,smatphone,gravity,1528204300582678000,-0.736023,-2.716509,-9.394458
228,smatphone,gravity,1528204300616005000,-0.738247,-2.73013,-9.390334
229,smatphone,gravity,1528204300649450000,-0.745904,-2.7653209999999997,-9.379425
230,smatphone,gravity,1528204300682685000,-0.743661,-2.7165529999999998,-9.393844
231,smatphone,gravity,1528204300715689999,-0.7449439999999999,-2.724011,-9.391582000000001
232,smatphone,gravity,1528204300749397999,-0.7447199999999999,-2.755358,-9.382451
233,smatphone,gravity,1528204300782713000,-0.751138,-2.7322040000000003,-9.388709
234,smatphone,gravity,1528204300816182000,-0.758768,-2.740538,-9.385665
235,smatphone,gravity,1528204300849361000,-0.769936,-2.755387,-9.380407
236,smatphone,gravity,1528204300882680000,-0.759022,-2.728014,-9.389292999999999
237,smatphone,gravity,1528204300916123000,-0.766483,-2.757942,-9.379938000000001
238,smatphone,gravity,1528204300949407000,-0.7756350000000001,-2.782367,-9.371969
239,smatphone,gravity,1528204300982717000,-0.7616189999999999,-2.755305,-9.381109
240,smatphone,gravity,1528204301015998000,-0.759674,-2.759959,-9.379899
241,smatphone,gravity,1528204301048608999,-0.760941,-2.769085,-9.377106
242,smatphone,gravity,1528204301082794999,-0.759672,-2.761552,-9.379430000000001
243,smatphone,gravity,1528204301116050999,-0.7622,-2.766175,-9.377863
244,smatphone,gravity,1528204301149345000,-0.754965,-2.7640439999999997,-9.379076
245,smatphone,gravity,1528204301182714000,-0.7543449999999999,-2.760908,-9.380049
246,smatphone,gravity,1528204301216324000,-0.76471,-2.7682,-9.377061
247,smatphone,gravity,1528204301249347000,-0.774928,-2.763574,-9.377587
248,smatphone,gravity,1528204301282703000,-0.778867,-2.751018,-9.380951
249,smatphone,gravity,1528204301315542000,-0.776476,-2.7508169999999996,-9.381209
250,smatphone,gravity,1528204301349347999,-0.785313,-2.7538080000000003,-9.379595
251,smatphone,gravity,1528204301382705999,-0.789326,-2.7526,-9.379613
252,smatphone,gravity,1528204301416186999,-0.7920050000000001,-2.7532200000000002,-9.379205
253,smatphone,gravity,1528204301449472999,-0.798341,-2.755456,-9.378012
254,smatphone,gravity,1528204301482692000,-0.79815,-2.76054,-9.376533
255,smatphone,gravity,1528204301516594000,-0.802362,-2.759757,-9.376403999999999
256,smatphone,gravity,1528204301549339000,-0.808974,-2.767851,-9.373449
257,smatphone,gravity,1528204301582578999,-0.816971,-2.785247,-9.367600999999999
258,smatphone,gravity,1528204301616045000,-0.821628,-2.770524,-9.371559
259,smatphone,gravity,1528204301649358000,-0.821888,-2.770518,-9.371538000000001
260,smatphone,gravity,1528204301682766000,-0.834997,-2.781986,-9.36698
261,smatphone,gravity,1528204301716097000,-0.828327,-2.7661599999999997,-9.372259
262,smatphone,gravity,1528204301749402000,-0.823101,-2.7971880000000002,-9.363505
263,smatphone,gravity,1528204301782703999,-0.816615,-2.791312,-9.365826
264,smatphone,gravity,1528204301816068000,-0.801347,-2.758013,-9.377004
265,smatphone,gravity,1528204301849538000,-0.812146,-2.832503,-9.35384
266,smatphone,gravity,1528204301882645000,-0.811663,-2.835193,-9.353067
267,smatphone,gravity,1528204301916030000,-0.813802,-2.790886,-9.366197999999999
268,smatphone,gravity,1528204301949437000,-0.8109810000000001,-2.784574,-9.368322000000001
269,smatphone,gravity,1528204301982645000,-0.8013020000000001,-2.808318,-9.362064
270,smatphone,gravity,1528204302016017999,-0.796199,-2.817564,-9.359721
271,smatphone,gravity,1528204302049446000,-0.8005909999999999,-2.809809,-9.361678
272,smatphone,gravity,1528204302082716000,-0.799837,-2.794389,-9.366356
273,smatphone,gravity,1528204302116023000,-0.801392,-2.7839139999999998,-9.369342
274,smatphone,gravity,1528204302148782000,-0.8028810000000001,-2.8035240000000003,-9.363366000000001
275,smatphone,gravity,1528204302182675999,-0.7956340000000001,-2.7901759999999998,-9.36797
276,smatphone,gravity,1528204302216047000,-0.783118,-2.780493,-9.371903999999999
277,smatphone,gravity,1528204302249342000,-0.770003,-2.770861,-9.375842
278,smatphone,gravity,1528204302282432000,-0.764568,-2.778786,-9.373942
279,smatphone,gravity,1528204302316030000,-0.767953,-2.785699,-9.371613
280,smatphone,gravity,1528204302349346000,-0.754603,-2.768669,-9.377742
281,smatphone,gravity,1528204302382852000,-0.740463,-2.786331,-9.373638
282,smatphone,gravity,1528204302415491000,-0.738531,-2.800091,-9.369688
283,smatphone,gravity,1528204302449601000,-0.73215,-2.779503,-9.376317
284,smatphone,gravity,1528204302482688000,-0.73955,-2.7924189999999998,-9.371897
285,smatphone,gravity,1528204302516006000,-0.746995,-2.8008349999999997,-9.368795
286,smatphone,gravity,1528204302549767999,-0.755879,-2.7781290000000003,-9.374841
287,smatphone,gravity,1528204302582691000,-0.773573,-2.805963,-9.365103
288,smatphone,gravity,1528204302616124000,-0.786896,-2.8200060000000002,-9.359772999999999
289,smatphone,gravity,1528204302649475000,-0.782579,-2.766049,-9.376222
290,smatphone,gravity,1528204302682708000,-0.799778,-2.781446,-9.370214
291,smatphone,gravity,1528204302715970000,-0.811883,-2.821154,-9.357292
292,smatphone,gravity,1528204302748444000,-0.816855,-2.773775,-9.371015
293,smatphone,gravity,1528204302782816000,-0.803651,-2.804378,-9.363044
294,smatphone,gravity,1528204302816017000,-0.8042,-2.828393,-9.35577
295,smatphone,gravity,1528204302849317000,-0.7899729999999999,-2.759255,-9.377604
296,smatphone,gravity,1528204302882697000,-0.786678,-2.80494,-9.364317
297,smatphone,gravity,1528204302916143000,-0.802431,-2.840536,-9.352242
298,smatphone,gravity,1528204302949411000,-0.784008,-2.774138,-9.373712
299,smatphone,gravity,1528204302982688000,-0.762835,-2.772265,-9.376013
300,smatphone,gravity,1528204303015249000,-0.756979,-2.791488,-9.370783
301,smatphone,gravity,1528204303049325000,-0.753887,-2.775522,-9.375772999999999
302,smatphone,gravity,1528204303082463000,-0.764681,-2.7906869999999997,-9.370396000000001
303,smatphone,gravity,1528204303116952000,-0.76495,-2.797432,-9.368363
304,smatphone,gravity,1528204303149443000,-0.748145,-2.762587,-9.380052000000001
305,smatphone,gravity,1528204303182678999,-0.745337,-2.775745,-9.376391
306,smatphone,gravity,1528204303216405000,-0.767216,-2.805254,-9.365836999999999
307,smatphone,gravity,1528204303249305999,-0.775453,-2.797091,-9.3676
308,smatphone,gravity,1528204303282681000,-0.76383,-2.778492,-9.374088
309,smatphone,gravity,1528204303315491999,-0.7633909999999999,-2.7936650000000003,-9.369613000000001
310,smatphone,gravity,1528204303349355000,-0.764794,-2.785444,-9.371946000000001
311,smatphone,gravity,1528204303382701000,-0.771442,-2.791138,-9.369707
312,smatphone,gravity,1528204303415971000,-0.773668,-2.803886,-9.365716
313,smatphone,gravity,1528204303448536000,-0.766073,-2.785149,-9.37193
314,smatphone,gravity,1528204303482764999,-0.7625460000000001,-2.775821,-9.374984
315,smatphone,gravity,1528204303515001000,-0.768077,-2.7887880000000003,-9.370683
316,smatphone,gravity,1528204303549283000,-0.768528,-2.779389,-9.373439
317,smatphone,gravity,1528204303582642000,-0.770876,-2.7761270000000002,-9.374212
318,smatphone,gravity,1528204303615998000,-0.7690819999999999,-2.7814970000000003,-9.372767999999999
319,smatphone,gravity,1528204303648565000,-0.765644,-2.761347,-9.379006
320,smatphone,gravity,1528204303682703000,-0.775066,-2.748644,-9.381963
321,smatphone,gravity,1528204303716004000,-0.786363,-2.789409,-9.368982
322,smatphone,gravity,1528204303749336000,-0.7952170000000001,-2.772339,-9.3733
323,smatphone,gravity,1528204303782993000,-0.779998,-2.7310779999999997,-9.386683
324,smatphone,gravity,1528204303815973000,-0.784879,-2.787048,-9.369809
325,smatphone,gravity,1528204303849338000,-0.788752,-2.771888,-9.37398
326,smatphone,gravity,1528204303882950000,-0.777579,-2.7361150000000003,-9.385417
327,smatphone,gravity,1528204303915970000,-0.784266,-2.7998,-9.366058
328,smatphone,gravity,1528204303949474000,-0.775822,-2.770564,-9.375451
329,smatphone,gravity,1528204303982886000,-0.75822,-2.760357,-9.379901
330,smatphone,gravity,1528204304015959000,-0.765703,-2.8139060000000002,-9.363367
331,smatphone,gravity,1528204304049302000,-0.746804,-2.777977,-9.375614
332,smatphone,gravity,1528204304082670000,-0.731647,-2.786364,-9.374319999999999
333,smatphone,gravity,1528204304116033000,-0.7367640000000001,-2.8220389999999997,-9.363241
334,smatphone,gravity,1528204304149464000,-0.7208479999999999,-2.799309,-9.371299
335,smatphone,gravity,1528204304182737000,-0.715345,-2.805439,-9.369888000000001
336,smatphone,gravity,1528204304216035000,-0.713108,-2.82975,-9.362745
337,smatphone,gravity,1528204304249433000,-0.706172,-2.821886,-9.365644
338,smatphone,gravity,1528204304282691000,-0.7116180000000001,-2.828924,-9.363108
339,smatphone,gravity,1528204304316033000,-0.71354,-2.8574319999999997,-9.3543
340,smatphone,gravity,1528204304349363000,-0.711015,-2.833555,-9.361753
341,smatphone,gravity,1528204304382621000,-0.695304,-2.798307,-9.373529
342,smatphone,gravity,1528204304415952000,-0.7025239999999999,-2.8540669999999997,-9.356161
343,smatphone,gravity,1528204304449274000,-0.718935,-2.890404,-9.343752
344,smatphone,gravity,1528204304482673000,-0.7188899999999999,-2.850936,-9.355872999999999
345,smatphone,gravity,1528204304515980000,-0.7226319999999999,-2.832595,-9.361155
346,smatphone,gravity,1528204304549349000,-0.721091,-2.831255,-9.361678999999999
347,smatphone,gravity,1528204304582737000,-0.7229439999999999,-2.8474939999999997,-9.356608999999999
348,smatphone,gravity,1528204304615502000,-0.737355,-2.8802529999999997,-9.34545
349,smatphone,gravity,1528204304649375000,-0.732725,-2.868955,-9.349289
350,smatphone,gravity,1528204304682678999,-0.714291,-2.829903,-9.362608
351,smatphone,gravity,1528204304716027000,-0.7177899999999999,-2.846557,-9.357291
352,smatphone,gravity,1528204304748352000,-0.7380760000000001,-2.86522,-9.350013
353,smatphone,gravity,1528204304782702000,-0.7425069999999999,-2.84438,-9.356024
354,smatphone,gravity,1528204304816094000,-0.738785,-2.846109,-9.355792999999998
355,smatphone,gravity,1528204304849337000,-0.736318,-2.8368290000000003,-9.358805
356,smatphone,gravity,1528204304894255000,-0.746931,-2.833934,-9.358842
357,smatphone,gravity,1528204304915983000,-0.76475,-2.862839,-9.348599
358,smatphone,gravity,1528204304949352000,-0.775602,-2.8543689999999997,-9.350295
359,smatphone,gravity,1528204304982897999,-0.816841,-2.828459,-9.354656
