time_tick,mag_X_value,mag_Y_value,mag_Z_value
0.015545,-21.771835,-36.126984,-33.617859
0.043751,-21.546341,-36.202744,-33.920654
0.049017,-21.171021,-35.979355,-33.698883
0.078552,-21.392273,-35.603012,-34.594940
0.099536,-21.386505,-34.627670,-35.341125
0.124122,-22.056931,-33.799728,-35.855408
0.148599,-21.674942,-32.525879,-36.604523
0.176306,-23.466263,-30.943237,-37.553497
0.198469,-23.538864,-30.342957,-37.550293
0.224255,-23.764694,-30.267273,-37.097504
0.249495,-23.166992,-30.569885,-36.655273
0.273852,-23.473099,-32.518326,-37.334717
0.299054,-23.176956,-32.969925,-36.514771
0.324449,-23.405151,-33.344345,-35.838745
0.349312,-23.481720,-33.644119,-35.689117
0.374573,-23.261398,-34.395325,-35.019562
0.398695,-23.036682,-34.471222,-35.022339
0.424377,-22.664398,-34.922897,-34.653198
0.448657,-22.593414,-35.598450,-34.131714
0.474035,-22.594650,-35.673630,-33.757019
0.499308,-22.297272,-36.050034,-33.311768
0.524474,-22.225174,-36.350662,-32.638794
0.548723,-22.007935,-37.027542,-30.618866
0.576032,-21.861679,-37.028885,-29.120483
0.599031,-22.387985,-37.401733,-29.191193
0.624428,-22.311844,-37.401810,-29.642029
0.649654,-21.947159,-38.529434,-27.325531
0.675553,-21.575592,-38.831360,-26.430817
0.698885,-21.204590,-39.508118,-25.912628
0.724139,-20.682312,-39.810501,-25.319580
0.747712,-19.640564,-41.090286,-24.061157
0.774093,-18.970825,-41.618607,-22.795624
0.797724,-18.524658,-42.295609,-22.353241
0.826898,-17.408966,-43.650848,-20.795959
0.848317,-17.112518,-44.027451,-19.975708
0.872466,-15.990753,-44.332336,-19.164246
0.897567,-14.945969,-44.562378,-17.451691
0.923367,-14.499283,-45.539047,-17.685486
0.947582,-13.004364,-46.070618,-16.504089
0.974610,-11.881760,-46.300400,-15.917358
0.999061,-11.658356,-46.226669,-15.169525
1.023064,-10.088959,-46.983459,-14.139801
1.047186,-9.340027,-47.211487,-14.073944
1.074156,-8.741867,-47.439072,-13.706451
1.097205,-7.620880,-47.893997,-12.820587
1.123541,-6.947861,-47.972015,-12.153290
1.147734,-6.200027,-48.050385,-11.411835
1.172167,-5.603622,-48.578064,-10.820526
1.197801,-5.307526,-48.804840,-9.624664
1.223214,-5.010651,-49.031479,-8.728851
1.247872,-5.014145,-49.481796,-8.055603
1.274330,-4.790955,-49.557999,-7.458374
1.297607,-5.169464,-49.782013,-6.405121
1.322962,-5.022476,-50.157898,-5.808228
1.347306,-5.024429,-50.083328,-4.907898
1.372466,-5.704269,-50.681107,-3.927795
1.397441,-5.931686,-50.680679,-2.950348
1.423144,-5.786377,-51.056900,-1.678436
1.447153,-5.639160,-51.282867,-0.930939
1.471674,-4.972672,-51.586990,1.985504
1.496540,-4.451797,-52.114487,2.802673
1.522231,-3.780563,-52.117905,4.295258
1.546528,-3.635361,-52.194397,6.093353
1.572129,-2.518753,-52.425354,9.080139
1.597172,-2.368179,-51.901260,9.680603
1.621544,-1.772842,-52.279266,10.947540
1.647294,-0.948975,-51.908081,11.989960
1.672233,-0.575409,-52.134689,12.209930
1.698598,0.323593,-51.913651,12.950928
1.721978,0.173096,-52.137985,12.801697
1.746759,0.170975,-51.913574,14.002655
1.772548,0.318344,-51.914688,15.050964
1.796750,0.693924,-51.916077,14.821838
1.822315,0.917542,-51.842300,15.494720
1.850924,1.739792,-51.546371,17.061829
1.872280,1.515884,-51.320450,16.990204
1.896875,2.412186,-51.174881,18.705933
1.922094,2.936798,-50.802353,19.451630
1.946766,3.385391,-50.504669,20.497894
1.972253,3.534592,-50.280609,21.172150
1.999766,3.984467,-49.982666,21.693390
2.022030,4.208466,-49.908829,22.216217
2.046613,4.434540,-49.684692,22.139618
2.072397,5.183731,-49.612915,22.581696
2.096376,5.559601,-49.539307,22.352844
2.121631,5.634460,-49.764450,22.051086
2.148096,5.409576,-50.063293,21.527405
2.172277,5.409012,-50.063400,21.752411
2.196536,5.483398,-50.213699,21.750977
2.221508,4.432495,-50.434494,21.761658
2.246406,2.782181,-50.877609,21.178040
2.272045,1.507935,-50.872360,20.892059
2.296726,0.007736,-51.241104,20.382111
2.321326,-0.742859,-51.388107,20.389801
2.345855,-2.016846,-51.307877,20.104126
2.372279,-2.917862,-51.604233,20.037842
2.395952,-4.341873,-51.673279,19.528198
2.421097,-4.491119,-51.672531,19.229858
2.446925,-4.716934,-51.971558,19.081177
2.472986,-5.016663,-51.895355,19.084778
2.496730,-5.991547,-51.441803,19.772278
2.521075,-6.069550,-51.442093,20.973145
2.545780,-6.294861,-51.141495,21.576843
2.580628,-6.894684,-51.139069,21.508453
2.597555,-8.018753,-51.134384,21.145813
2.620883,-7.719788,-50.686142,22.269318
2.645541,-8.396255,-50.533859,23.102386
2.670544,-9.445114,-49.630157,24.092529
2.696513,-9.744919,-49.254211,24.622345
2.720808,-10.419754,-48.876785,25.156281
2.745642,-10.646286,-49.026062,25.533173
2.772289,-11.019623,-47.900146,26.666779
2.795474,-11.019958,-47.750320,27.042358
2.820535,-10.645493,-47.602051,27.488831
2.846358,-10.645752,-47.901855,27.112610
2.870356,-11.020554,-47.900330,27.041779
2.898127,-11.169083,-47.674622,26.819305
2.920541,-11.694077,-47.897339,26.449188
2.945593,-12.517715,-48.118591,25.557373
2.970864,-13.789658,-48.187836,24.221100
2.995306,-15.136292,-48.556488,22.284393
3.020416,-16.856354,-48.623566,20.203094
3.045335,-21.563812,-48.001724,14.182373
3.070882,-24.404144,-47.388916,11.291046
3.094904,-27.464157,-45.725006,7.956360
3.120697,-30.593994,-42.860748,4.477234
3.145371,-37.078140,-36.007126,-0.898987
3.170162,-39.753952,-31.570129,-3.476807
3.194627,-42.278152,-26.309082,-5.378021
3.220114,-45.373901,-15.419556,-9.650421
3.244946,-46.171356,-10.015182,-12.020020
3.269994,-45.925888,-5.965317,-13.731537
3.295424,-46.282150,-2.063263,-14.987000
3.319749,-46.326889,5.287094,-15.332123
3.344919,-45.710617,8.135590,-17.277496
3.369944,-44.494141,11.131638,-19.078888
3.394699,-43.804276,13.529938,-21.176880
3.420459,-41.906067,17.648682,-23.881287
3.445324,-41.148148,19.670609,-23.806549
3.469667,-41.143326,21.020477,-23.576172
3.494574,-40.836304,22.969101,-23.271790
3.519676,-40.305283,24.242157,-23.647552
3.544655,-39.851715,25.365158,-23.273010
3.569304,-39.849762,25.665314,-23.571808
3.594619,-40.449448,26.267288,-22.737823
3.619394,-41.123505,26.644867,-22.503937
3.644233,-41.949402,26.573059,-22.270111
3.669889,-42.022873,27.098221,-22.042206
3.694088,-43.527008,27.103409,-20.375641
3.719237,-44.957977,26.883118,-18.335785
3.744844,-46.089371,26.511658,-16.374817
3.769314,-46.998535,26.288651,-13.065735
3.793899,-50.313538,25.324677,-8.608093
3.819199,-50.994080,25.401230,-6.275330
3.845488,-51.599319,25.402603,-4.168640
3.868865,-52.662170,25.479233,1.093353
3.898729,-52.592392,25.627777,3.418182
3.918633,-52.141144,26.600449,4.467102
3.943745,-52.138901,27.350281,4.770081
3.968220,-51.833160,29.298660,5.599518
3.994205,-51.456787,30.346588,6.724579
4.018582,-51.304199,31.320709,7.251770
4.045656,-50.850021,32.368896,7.250946
4.068242,-49.935364,35.140945,5.826996
4.093479,-50.306091,36.117508,5.684998
4.118528,-49.625900,37.464737,5.757874
4.142848,-49.247879,39.112518,7.185333
4.168757,-48.945663,39.711273,7.259369
4.194170,-48.719406,40.684845,8.310822
4.217731,-48.643936,41.359085,9.212677
4.242571,-48.191711,42.481827,10.112183
4.267775,-48.416092,42.782608,10.340881
4.292646,-48.116470,43.156036,11.089050
4.318786,-49.091019,43.085083,10.799500
4.343194,-48.713287,43.533752,10.422150
4.367626,-49.161896,43.835602,10.353271
4.392305,-49.086899,43.835297,10.352448
4.417722,-49.310669,44.286072,10.581726
4.442220,-49.160934,44.360367,10.805359
4.468107,-49.086746,44.434845,11.254822
4.494863,-48.636703,44.582932,11.475494
4.517450,-47.733490,45.853958,12.220642
4.542784,-47.432663,46.152664,12.368500
4.568371,-46.606064,46.974030,13.037720
4.592213,-46.075745,48.022141,12.586090
4.617096,-43.746445,49.737305,13.617279
4.643204,-42.994980,50.334106,13.986420
4.667075,-42.242722,50.706253,13.679657
4.692867,-42.092331,50.855606,13.753601
4.719409,-41.641953,51.228592,14.200134
4.741832,-40.889984,51.525726,13.893066
4.766802,-41.039490,51.601364,13.820007
4.792827,-41.410431,52.203186,13.151489
4.816927,-41.932693,52.280762,12.182526
4.842309,-43.128845,52.361237,10.771027
4.868669,-44.849991,52.069138,8.763763
4.891709,-49.045334,50.588043,4.528992
4.916746,-50.768311,49.696045,2.294373
4.942362,-52.715225,48.505417,-0.838959
4.967581,-54.216614,46.712570,-3.154633
4.991976,-56.471619,43.498154,-6.292664
5.021792,-57.004379,41.700180,-6.069000
5.041436,-57.316727,39.975342,-3.897461
5.067046,-57.261826,36.673737,-1.136261
5.091681,-56.817612,35.921402,-0.019165
5.116730,-56.524551,35.169434,1.549591
5.141903,-55.704865,34.865341,3.189362
5.166489,-53.685059,34.631424,4.891205
5.191988,-53.689972,33.731171,5.412659
5.217063,-53.393219,33.054886,5.631683
5.242499,-53.173218,31.704071,5.473877
5.266872,-53.490799,26.456024,4.106384
5.291972,-54.176025,22.484909,1.848022
5.316324,-54.489334,17.837219,-0.267120
5.341803,-54.674377,7.039581,-3.533264
5.366825,-53.794891,1.186646,-4.691345
5.395095,-52.764587,-4.366974,-5.699921
5.417374,-51.658966,-9.845886,-6.708984
5.441420,-48.479630,-19.759811,-4.308594
5.466751,-46.472443,-23.818161,-3.671936
5.491614,-44.313293,-27.427078,-3.110107
5.517046,-42.076660,-30.885925,-3.298523
5.541693,-37.070633,-36.005646,-3.899078
5.566536,-35.503464,-38.261688,-4.375336
5.591529,-33.560989,-39.694809,-3.652466
5.616248,-32.367569,-40.974884,-3.070709
5.641424,-31.024155,-42.630249,-3.092102
5.666367,-29.675995,-43.385406,-3.559937
5.693035,-28.928925,-43.838608,-3.119965
5.716255,-27.734360,-45.118454,-2.988251
5.741419,-27.361603,-45.495087,-2.693878
5.767378,-26.615158,-45.873489,-1.878571
5.791297,-25.717499,-46.327179,-1.665253
5.816084,-24.750320,-47.681534,-0.706299
5.841468,-23.554276,-48.211685,0.028412
5.866185,-22.807480,-48.739883,0.468079
5.891543,-22.134995,-49.417542,0.382996
5.915672,-19.585724,-50.327164,-0.773712
5.940990,-18.834671,-50.629700,-1.683197
5.966072,-17.935562,-51.233002,-2.295471
5.992788,-15.911743,-52.065659,-3.146088
6.015934,-15.234222,-52.142807,-4.278839
6.041030,-14.406296,-52.070587,-5.337646
6.066136,-14.177902,-52.070831,-6.690186
6.091339,-13.646408,-51.996719,-9.170715
6.115925,-13.716797,-51.545868,-10.293152
6.144347,-14.238235,-51.018494,-10.885284
6.165374,-14.979767,-50.114563,-12.823517
6.190932,-17.435562,-47.777756,-16.762146
6.215210,-19.373810,-46.044052,-18.683929
6.241308,-21.541763,-44.685059,-19.329620
6.265573,-26.031464,-42.117081,-19.345001
6.290874,-29.699814,-39.628082,-18.019684
6.315515,-34.566162,-36.159653,-15.927246
6.341329,-39.270370,-30.441254,-15.102631
6.366132,-46.403824,-14.137451,-15.633972
6.390752,-46.809189,-4.684464,-18.366669
6.415356,-45.340134,4.461151,-21.346283
6.444089,-42.754471,11.652191,-24.120941
6.465940,-39.794846,19.366104,-25.622620
6.490394,-39.035522,22.212662,-24.794617
6.515696,-37.521835,25.731522,-24.647156
6.541538,-36.314301,27.751587,-24.427399
6.565015,-33.746933,31.192032,-25.866852
6.590667,-31.114563,32.456970,-26.790741
6.614925,-29.385223,32.825623,-27.933289
6.640052,-27.427109,33.718704,-29.751312
6.665961,-26.373779,34.164795,-30.361053
6.690604,-24.417603,35.282318,-31.053131
6.714875,-23.439850,35.728592,-31.437103
6.740187,-21.182068,37.519684,-31.679779
6.764952,-21.106705,37.894165,-31.229095
6.789783,-20.806107,38.417664,-30.630280
6.815491,-20.880432,38.867737,-30.177704
6.839786,-21.480804,39.769348,-28.592499
6.864649,-20.953827,40.591965,-28.069977
6.889869,-20.651306,41.265717,-27.995605
6.914544,-19.373398,41.560959,-28.683533
6.939648,-19.225266,40.810577,-29.138123
6.965485,-19.826767,40.063293,-29.734497
6.989439,-20.729568,38.942245,-30.404022
7.014273,-24.341934,34.982391,-31.805145
7.039710,-26.375839,32.665604,-31.942047
7.064712,-28.861557,29.900604,-32.075745
7.089683,-31.425491,26.760590,-31.535126
7.115012,-39.265884,20.114182,-26.000458
7.139077,-43.344452,16.227890,-20.796143
7.164196,-45.767410,12.186234,-18.085663
7.194633,-44.365387,3.408051,-22.936218
7.215026,-42.877426,-1.921051,-26.648865
7.238926,-41.025070,-8.452759,-28.045380
7.265410,-40.007446,-15.732483,-26.735687
7.288862,-35.563187,-27.901672,-23.908295
7.314297,-32.810593,-32.638382,-22.532471
7.338947,-30.501236,-35.873154,-21.445801
7.365857,-28.937790,-37.980042,-20.196442
7.388596,-27.160812,-41.364044,-16.404510
7.414726,-27.845291,-42.187546,-13.925293
7.439081,-27.108978,-43.692017,-10.864441
7.463502,-26.219604,-45.046616,-8.779633
7.488462,-23.763046,-47.383270,-5.140991
7.512491,-23.020599,-48.062195,-3.201874
7.537215,-22.278214,-48.516327,-0.886871
7.562422,-20.267761,-49.876190,2.760590
7.587078,-19.373077,-50.555298,3.798035
7.612302,-18.701462,-50.708542,4.915039
7.637576,-17.579529,-51.013397,5.651459
7.662803,-15.565460,-51.698090,8.926575
7.693968,-14.295975,-52.004013,10.636383
7.712690,-13.399704,-52.008347,12.126495
7.738064,-12.726913,-52.236298,12.643219
7.763244,-12.201294,-52.088394,12.638031
7.788236,-12.201752,-52.013550,12.938324
7.813344,-11.528702,-51.941681,13.831177
7.839143,-11.902237,-52.089783,13.009735
7.864440,-12.201187,-52.013443,12.713287
7.887986,-11.901596,-52.164597,12.634399
7.913071,-11.901413,-52.164566,12.559387
7.938413,-11.825317,-52.314529,11.882996
7.963191,-11.448669,-52.465576,10.978210
7.988029,-11.522644,-52.540024,10.453735
8.013907,-11.296295,-52.765472,9.550354
8.038120,-12.116806,-52.761292,7.759399
8.063311,-12.488953,-52.609360,6.864075
8.088148,-13.312531,-52.530853,6.423462
8.113111,-15.552277,-52.295029,2.699066
8.138202,-16.818665,-51.913544,-0.135498
8.163917,-17.856674,-51.157593,-3.721039
8.187791,-19.042633,-50.025955,-7.528473
8.212753,-21.269501,-47.689285,-13.044647
8.238166,-23.140747,-47.156479,-13.696930
8.262945,-23.294464,-47.006714,-11.969604
8.287461,-24.872894,-47.150986,-10.827820
8.319145,-26.901443,-46.619003,-8.553406
8.336805,-27.875793,-46.165329,-8.090881
8.362462,-29.222076,-45.409805,-8.373016
8.387726,-30.042358,-44.506317,-8.810425
8.412798,-31.986725,-43.223434,-9.008911
8.437281,-32.884949,-42.769852,-8.997192
8.464094,-33.261749,-42.843643,-8.393341
8.487117,-32.889145,-43.445129,-8.399841
8.512621,-32.513031,-43.446411,-8.853973
8.537197,-32.211990,-43.522339,-9.382599
8.562324,-31.911041,-43.898056,-10.362396
8.587513,-30.488449,-45.028336,-11.207581
8.613067,-29.289474,-45.482971,-11.522583
8.636988,-29.214035,-45.932816,-12.425232
8.662118,-28.312836,-46.161011,-13.261047
8.687152,-26.962799,-46.391205,-13.651825
8.712539,-26.584457,-46.167236,-14.630096
8.737350,-26.654434,-45.566422,-15.676910
8.762375,-26.118973,-44.592255,-18.303894
8.786150,-24.989868,-44.371124,-19.590454
8.812114,-24.011688,-44.524292,-21.101837
8.836741,-22.507706,-44.379623,-22.467773
8.861897,-18.905670,-45.068069,-24.385162
8.886887,-16.506516,-45.677353,-25.013977
8.912728,-14.408035,-46.210617,-25.264191
8.936605,-12.607239,-46.442474,-25.959930
8.962663,-9.304260,-46.380142,-27.046021
8.986928,-7.128143,-46.163803,-27.144073
9.012032,-5.028244,-46.247147,-27.242523
9.037074,-2.330536,-46.558151,-26.823456
9.063074,2.692123,-46.803513,-26.279694
9.086386,4.870865,-46.211960,-26.826294
9.112057,7.353271,-45.171234,-28.124420
9.136365,12.845398,-42.042282,-29.972290
9.161450,16.073883,-41.005325,-29.703674
9.186414,19.600067,-40.119904,-28.763916
9.213629,22.823349,-39.683487,-27.372650
9.235069,27.988861,-39.181458,-22.777466
9.260423,30.232956,-39.266541,-20.552490
9.285600,32.182541,-38.300186,-18.845062
9.311570,34.136322,-36.808441,-17.960602
9.336048,38.873962,-32.403397,-15.970062
9.362074,41.281738,-29.863510,-15.011414
9.386104,43.089523,-27.546036,-14.422028
9.411460,46.108322,-22.008774,-13.083069
9.443271,47.163528,-20.288330,-12.412811
9.460400,47.616150,-19.165512,-11.663300
9.485797,48.291489,-18.568634,-10.843323
9.510595,48.738144,-18.421204,-9.272644
9.535604,49.036804,-18.572540,-8.976532
9.560775,49.107941,-19.023239,-8.154114
9.585645,48.879501,-20.072174,-8.455811
9.611815,45.859131,-25.909500,-9.645935
9.635897,42.318832,-30.844452,-11.426727
9.661245,36.899200,-37.046738,-13.491943
9.685724,19.163544,-48.298920,-17.241821
9.710613,9.328827,-50.809525,-17.368713
9.735437,0.696793,-51.900528,-16.303131
9.760605,-7.554260,-51.493057,-15.235718
9.785582,-20.289047,-47.692108,-15.230438
9.811618,-24.697525,-44.223953,-16.293060
9.835304,-28.352829,-40.533340,-18.263092
9.860338,-31.031616,-36.696442,-20.618317
9.885251,-34.080872,-31.733078,-22.964905
9.910437,-35.423752,-30.452301,-23.769958
9.935015,-35.870834,-29.250900,-23.010254
9.961318,-36.689117,-27.747482,-23.295258
9.985141,-38.401337,-24.440720,-23.113220
10.010107,-39.216949,-22.786911,-24.222626
10.034957,-39.887589,-21.734192,-24.286011
10.060177,-40.031448,-20.008774,-23.977539
10.085101,-40.555969,-19.931641,-24.046448
10.111862,-40.705154,-19.631119,-23.893616
10.134875,-40.780685,-19.481033,-23.442200
10.159885,-41.005157,-19.629913,-23.890320
10.185012,-40.855408,-19.555634,-23.666626
10.210290,-40.932434,-19.780548,-23.216705
10.234714,-41.082565,-19.854904,-23.290344
10.260473,-40.572861,-22.707733,-21.732391
10.284840,-39.834961,-25.186111,-20.850403
10.309922,-38.650635,-28.416412,-19.751373
10.334524,-33.291824,-37.363922,-17.596100
10.359719,-28.959656,-41.581436,-17.210632
10.384535,-23.645630,-44.977173,-18.257660
10.411710,-18.628448,-47.396881,-18.997498
10.434471,-6.551819,-49.468201,-22.963654
10.459306,-0.321198,-49.042343,-24.530487
10.487862,6.510071,-47.944290,-25.276215
10.508958,13.189575,-46.621155,-24.969421
10.533504,24.904037,-42.468445,-24.106659
10.560684,28.964432,-39.559937,-23.614685
10.584253,32.278397,-36.273026,-23.938019
10.609631,34.992142,-32.983765,-24.179688
10.634151,39.510605,-27.827271,-23.308746
10.659456,41.763092,-26.187088,-21.677002
10.684017,42.592850,-24.765594,-21.305450
10.711933,43.425720,-22.893860,-21.457092
10.734014,42.678986,-22.965164,-22.874176
10.759038,41.100891,-24.008636,-23.310974
10.784570,38.252411,-25.720566,-26.661499
10.809646,29.245056,-30.931839,-32.058289
10.833879,24.213821,-33.685760,-33.963928
10.859705,18.657944,-35.538223,-34.585236
10.884477,13.027847,-37.390244,-35.505737
10.908883,1.318176,-39.593582,-35.160736
10.934103,-3.711655,-40.248901,-34.282990
10.958678,-7.538162,-40.084030,-33.415253
10.985277,-14.580643,-38.105942,-33.254883
11.010348,-17.571838,-36.068848,-33.513824
11.032888,-20.342377,-34.932770,-33.478821
11.058018,-22.293350,-34.550476,-32.480835
11.083340,-25.218811,-33.564651,-30.719696
11.108000,-26.568756,-33.259476,-30.253632
11.133532,-27.842834,-32.879501,-30.013123
11.158337,-28.667542,-32.276627,-29.176605
11.182644,-30.768158,-31.668839,-27.951050
11.208905,-32.041794,-30.989014,-27.409332
11.232998,-32.266907,-30.688370,-26.880676
11.258576,-33.244583,-30.834885,-26.045471
11.283268,-33.171127,-30.985367,-25.671906
11.310254,-33.398270,-30.909943,-24.694122
11.333094,-33.552490,-31.359818,-23.719208
11.358440,-34.537247,-32.481934,-21.612885
11.383227,-34.466034,-33.007553,-20.940765
11.409483,-34.921753,-33.831223,-19.964020
11.433495,-34.774567,-34.207062,-19.442169
11.459563,-34.183487,-35.784943,-18.404968
11.483137,-33.365814,-37.063660,-17.519073
11.508495,-32.848419,-38.266281,-16.404572
11.533113,-32.330368,-39.169037,-15.063873
11.558460,-30.610153,-40.750595,-15.689148
11.582699,-29.486877,-41.804596,-16.680695
11.613297,-26.871780,-43.690521,-15.742035
11.632575,-18.111359,-48.299805,-17.281830
11.657898,-12.638107,-49.670944,-18.772522
11.682662,-6.787399,-50.518524,-20.415253
11.708560,-0.631912,-50.317215,-22.282166
11.732457,12.054718,-48.192337,-23.538239
11.758338,17.384949,-46.638855,-23.140625
11.782604,21.741333,-44.781479,-22.731140
11.808497,24.820343,-43.519012,-22.309967
11.833412,29.927536,-40.765198,-20.780090
11.857719,32.558960,-38.751053,-20.126007
11.882306,34.965729,-36.735931,-19.619415
11.909369,38.801147,-33.451828,-18.523468
11.932374,39.852783,-32.481476,-17.631165
11.957534,40.903168,-31.736206,-16.589722
11.983605,41.952728,-30.916153,-15.097961
12.008575,43.827576,-29.274994,-12.412048
12.032315,44.651199,-29.203613,-11.745819
12.056741,44.952316,-28.455200,-10.996124
12.082275,45.326492,-28.381912,-10.549988
12.108685,45.779648,-27.783569,-10.852570
12.133652,45.706665,-27.558060,-11.300842
12.158322,45.181961,-27.855667,-11.896271
12.181823,43.983215,-28.899780,-14.062286
12.206970,42.184387,-29.716690,-15.845734
12.232196,40.610565,-31.059097,-18.458771
12.257178,37.686981,-32.470993,-21.282288
12.282236,27.937714,-36.778397,-28.467285
12.307155,21.563828,-38.476318,-31.628937
12.331831,15.187927,-39.874878,-33.514435
12.356136,8.365631,-39.996948,-34.789825
12.381644,-4.598801,-38.669037,-36.891907
12.406625,-9.466507,-36.999451,-37.131714
12.432629,-13.434586,-35.183640,-37.005798
12.456822,-17.027679,-33.294403,-36.733704
12.481400,-23.168243,-30.270370,-35.679077
12.506640,-25.794296,-29.435745,-33.921875
12.530078,-27.221512,-29.130722,-32.554932
12.554918,-29.328033,-29.723129,-30.884125
12.580437,-29.929749,-29.721054,-30.202484
12.605026,-30.228622,-29.344940,-30.047729
12.629653,-30.374008,-28.519104,-30.567780
12.654863,-32.167526,-26.787018,-30.391144
12.679645,-32.691299,-26.335037,-30.158569
12.704610,-33.893616,-26.105881,-28.869446
12.730789,-34.948639,-26.327484,-27.208710
12.754585,-35.108383,-27.827591,-25.712952
12.779523,-35.185410,-28.052505,-25.263000
12.805459,-35.408173,-27.676468,-25.559082
12.829441,-36.992783,-28.571335,-23.145233
12.854476,-38.049133,-28.793213,-20.959473
12.880085,-39.779144,-28.487534,-18.464203
12.904706,-41.653030,-26.831146,-16.261993
12.930129,-45.172745,-23.368774,-12.834412
12.954617,-46.371033,-21.190384,-10.037537
12.979360,-48.015213,-18.784561,-8.509827
13.004758,-49.056564,-15.856018,-7.286652
13.030061,-50.838089,-10.224701,-5.669525
13.054602,-51.126572,-7.523392,-5.955566
13.079441,-51.413986,-4.746948,-6.541290
13.105083,-51.089233,1.176956,-6.971161
13.129850,-50.997223,4.777115,-8.007751
13.155343,-50.154587,8.299454,-9.427948
13.180649,-49.236008,11.821686,-11.223969
13.205806,-46.582336,17.437317,-13.705658
13.230688,-46.050735,18.710480,-14.306458
13.255776,-46.423462,19.237000,-14.375244
13.281063,-45.747055,19.684219,-14.230927
13.306013,-44.988968,21.706192,-14.231171
13.334852,-44.381836,23.578690,-14.080322
13.355492,-43.698563,25.600983,-14.154755
13.380694,-42.039307,27.769470,-14.389343
13.404918,-39.244995,32.633270,-14.325623
13.431023,-37.963669,34.353027,-14.107849
13.456242,-37.362030,35.325180,-13.210571
13.481152,-37.136169,36.523483,-11.633270
13.506312,-36.911697,37.047058,-10.583649
13.530010,-36.307755,38.319412,-10.135193
13.554369,-35.181168,39.364395,-9.093384
13.579957,-33.525620,41.307327,-8.203857
13.604897,-33.297028,42.206406,-8.202759
13.631304,-32.545120,42.728363,-8.133942
13.654857,-32.017395,43.401260,-8.137054
13.679966,-30.813477,44.521347,-7.920807
13.705157,-30.813477,44.521347,-7.920807
13.730213,-30.737579,44.746033,-7.920746
13.756089,-30.888550,44.971268,-7.168213
13.785576,-30.664078,45.120132,-6.720062
13.804318,-30.514633,45.494125,-5.895203
13.829675,-30.289230,45.643188,-5.822113
13.855934,-29.914536,45.941391,-5.225006
13.879979,-29.987396,46.241882,-5.597992
13.904761,-29.538040,46.314896,-5.227661
13.930715,-29.538345,46.239899,-5.227966
13.954439,-29.763962,46.315598,-4.850189
13.979937,-29.539322,46.464508,-4.477051
14.004744,-29.690842,46.314941,-4.100983
14.029644,-30.067276,45.866516,-4.248627
14.054189,-30.291489,46.017456,-4.320557
14.080087,-30.367645,45.867645,-4.095337
14.104503,-30.670120,45.343781,-3.944092
14.129450,-31.124893,44.670181,-3.116760
14.154206,-31.051285,44.744537,-2.442322
14.179510,-31.126221,45.044632,-1.990265
14.204734,-31.427551,44.520981,-2.289093
14.230221,-32.255005,43.774399,-2.507935
14.253979,-33.156189,43.103302,-3.100708
14.279139,-34.660934,41.309799,-4.066345
14.304227,-36.391403,39.067429,-5.481262
14.328945,-42.339401,30.993088,-9.198120
14.353883,-44.457870,25.152527,-11.148193
14.379767,-46.882065,17.513504,-13.702057
14.407118,-49.208160,-1.452240,-13.602356
14.428617,-48.799805,-10.529953,-11.468170
14.453717,-46.513870,-19.539703,-10.254364
14.479030,-42.195618,-28.181412,-11.386414
14.504276,-30.994522,-41.500336,-13.137909
14.529397,-24.628036,-45.274490,-15.773041
14.553483,-17.953903,-47.324722,-18.704651
14.578720,-11.567764,-47.348022,-23.200012
14.603958,0.754227,-45.594315,-29.178528
14.628410,5.408234,-44.712830,-29.376190
14.653395,9.307144,-44.728638,-28.969147
14.679633,15.153427,-44.527924,-27.157654
14.703369,16.725708,-44.609680,-26.200287
14.728194,17.623047,-44.763687,-25.385742
14.753387,17.996368,-44.765518,-24.714874
14.778716,17.918823,-45.215347,-24.415802
14.803280,17.843414,-45.365005,-24.490570
14.828947,17.465820,-45.588837,-23.812347
14.853370,17.691711,-45.364746,-23.813934
14.878254,16.262619,-46.334076,-23.727081
14.907118,15.661682,-46.331863,-23.345459
14.927306,14.457733,-47.077240,-22.960175
14.952299,12.803040,-47.820969,-22.269989
14.977670,8.067596,-49.602676,-20.950012
15.003037,5.137146,-50.341461,-19.945740
15.027793,1.604950,-51.228058,-18.485413
15.053377,-4.634552,-52.330124,-14.446167
15.077869,-8.014511,-52.092789,-12.083069
15.102694,-11.844894,-52.003616,-9.790558
15.128287,-15.072830,-51.166962,-7.276703
15.152775,-20.402039,-49.272995,-2.560516
15.177800,-22.874908,-48.063644,-1.478485
15.202675,-25.567764,-45.878189,-0.840118
15.227903,-28.932068,-43.314651,-1.017822
15.252320,-35.050476,-36.389389,-2.572876
15.278129,-37.587479,-33.304123,-2.832611
15.302389,-39.524521,-30.371124,-3.324554
15.329454,-42.124008,-24.285492,-3.796631
15.363193,-43.452667,-19.629639,-4.888367
15.380113,-44.399643,-14.149612,-7.331055
15.402542,-44.669601,-8.971680,-11.057373
15.428179,-41.094864,-0.807556,-17.889038
15.452210,-40.549210,3.241150,-19.678833
15.477049,-39.329712,7.736572,-20.274292
15.502314,-37.514572,11.104645,-20.955750
15.526998,-34.721695,14.619247,-22.472412
15.552084,-34.340363,16.342606,-22.244720
15.577979,-32.531784,18.435410,-22.331238
15.602015,-29.064148,22.172073,-23.404449
15.626995,-27.331970,23.965149,-23.416351
15.652392,-26.126480,25.610107,-22.973022
15.677056,-24.623871,26.204147,-23.062195
15.701768,-23.721069,26.950500,-22.994110
15.727159,-22.821991,26.946716,-22.629028
15.752034,-22.744919,27.321533,-22.853394
15.776773,-22.370010,27.394943,-22.707214
15.801780,-22.523041,26.870377,-22.332611
15.826633,-22.298203,27.019333,-22.034485
15.851779,-22.748672,26.946091,-21.954834
15.878412,-22.899445,26.946548,-21.653168
15.901694,-23.427917,26.123627,-21.575653
15.926341,-23.879074,25.975311,-21.346252
15.952204,-23.880432,26.199875,-20.445374
15.975789,-24.781998,26.427979,-19.459534
16.001375,-24.631622,26.802139,-19.009705
16.026613,-24.706940,27.476852,-17.806183
16.051403,-25.235199,27.927948,-15.773529
16.076394,-25.980255,29.880356,-14.632538
16.101031,-25.903809,30.854568,-13.654510
16.126320,-25.976013,32.354202,-12.372681
16.151505,-25.447311,34.076447,-11.096619
16.178228,-24.394867,36.845520,-7.647125
16.201292,-23.945389,37.742905,-5.998474
16.226283,-23.721191,39.090759,-3.520569
16.251098,-22.674576,40.959412,0.825409
16.276337,-22.000473,41.855820,2.621613
16.301109,-21.022461,43.126495,3.440887
16.329491,-19.522415,44.019775,4.852966
16.350902,-17.568771,45.811264,6.263672
16.375900,-16.670013,46.107193,7.229950
16.401406,-16.298233,46.329880,8.876770
16.426633,-16.829376,45.731247,10.380188
16.451217,-20.522919,42.145187,12.056458
16.477617,-23.460190,39.231812,12.302155
16.500061,-26.920929,36.096008,11.577667
16.525128,-35.274231,26.756241,7.957214
16.551226,-39.423889,19.573654,6.324097
16.575713,-42.529129,11.261673,5.125031
16.600651,-44.210907,3.168518,4.886139
16.627447,-43.900848,-11.234192,7.825134
16.650616,-41.686874,-19.193878,9.493927
16.675605,-38.642990,-26.781219,9.805115
16.700734,-34.691788,-33.246613,8.985779
16.725944,-26.017075,-42.878662,3.676819
16.750431,-20.623016,-46.423584,0.378326
16.774933,-15.078781,-48.994858,-1.417938
16.800611,-9.683121,-50.591034,-2.233673
16.825562,-0.391754,-52.203629,-1.367340
16.850439,4.558197,-51.923676,-0.895691
16.875387,8.609848,-51.489899,-0.863525
16.900326,16.721664,-49.196808,-1.918579
16.926857,20.023849,-48.010529,-0.900146
16.951407,22.726089,-47.046661,-0.251038
16.974996,24.829483,-45.930298,0.180298
17.000258,28.737671,-43.246429,1.198029
17.025842,31.368408,-41.307358,2.001892
17.050061,33.175125,-39.589615,2.063873
17.078078,34.526703,-38.170853,3.704681
17.099917,36.480270,-36.304443,5.265656
17.123586,37.230896,-35.632858,6.085083
17.149469,37.607178,-35.034576,6.533356
17.173422,38.811050,-32.940292,8.328461
17.199185,39.336807,-32.567535,8.624146
17.224078,38.887070,-31.891235,9.606812
17.249335,39.487747,-31.069153,10.653534
17.275566,39.636230,-30.695358,11.853363
17.299678,39.784271,-30.996094,12.150543
17.324571,39.709381,-30.546143,12.828156
17.350013,39.709015,-30.546204,12.978149
17.376302,40.087204,-30.172379,12.300507
17.399729,39.787766,-30.545776,11.477295
17.424598,39.936691,-31.146103,10.948242
17.450793,39.486740,-31.743820,9.975800
17.475777,38.287567,-34.061996,5.929749
17.499366,36.860565,-36.155014,3.387054
17.524701,33.557220,-38.990204,0.187073
17.549263,22.066879,-46.890991,-6.318146
17.574391,13.731079,-50.007309,-6.988922
17.599999,5.251907,-51.323181,-7.425903
17.624611,-3.147690,-51.214584,-7.408081
17.649225,-17.457779,-47.332474,-7.160126
17.674350,-23.220413,-44.234421,-7.159363
17.699476,-27.104767,-40.618652,-7.627167
17.724050,-29.942856,-38.131912,-8.410980
17.750143,-33.674469,-33.916672,-9.028076
17.779771,-35.392822,-31.960037,-8.551392
17.799785,-36.735214,-29.854828,-8.228149
17.823243,-38.518341,-26.322144,-9.319427
17.848515,-39.184311,-24.519119,-10.054901
17.873792,-39.705933,-23.392258,-9.594666
17.898878,-40.153992,-22.715622,-9.286987
17.924438,-40.976105,-21.138016,-7.921631
17.948669,-41.047592,-20.537506,-8.368500
17.973833,-40.968582,-19.487854,-8.290131
17.999488,-41.640457,-18.885025,-8.580353
18.023549,-41.786530,-17.759567,-8.349243
18.048935,-41.934799,-17.234039,-8.195496
18.073353,-42.383652,-16.707443,-7.813446
18.099045,-42.007706,-16.708755,-8.192596
18.122843,-42.380844,-16.332199,-8.337006
18.148490,-42.154953,-16.108093,-8.338593
18.173244,-42.232315,-16.183197,-7.513000
18.203630,-42.170212,-17.909653,-5.120605
18.222950,-41.730652,-19.262405,-3.105865
18.248314,-41.515427,-20.164505,-0.636810
18.272449,-42.041306,-19.488113,0.796661
18.298557,-42.559631,-15.887589,3.891785
18.323063,-42.784836,-14.387924,6.375244
18.349562,-42.642944,-14.539993,9.373077
18.374468,-42.281860,-15.818207,12.888977
18.399386,-39.913269,-20.705048,17.643372
18.424404,-38.647949,-23.185059,17.544556
18.448890,-37.905167,-25.887314,16.100555
18.474076,-35.066360,-33.319962,8.689606
18.499536,-31.253082,-38.583344,4.951599
18.522927,-25.863571,-43.553024,1.197479
18.549910,-18.821640,-47.929306,-2.572510
18.573020,-2.166046,-51.292130,-10.194183
18.598233,6.771500,-50.276184,-13.588440
18.622858,14.213562,-47.604675,-16.134613
18.649065,19.173935,-45.224335,-16.479675
18.672927,24.347809,-43.896317,-13.906281
18.697559,24.191040,-44.796341,-12.633148
18.722602,22.151703,-46.589615,-9.767883
18.747479,12.663452,-51.505371,-2.333160
18.772930,6.943954,-53.060150,2.973511
18.799060,0.481461,-52.811996,8.370636
18.823662,-5.676834,-51.889755,13.167023
18.848283,-13.781876,-48.635956,20.394196
18.874349,-16.780228,-46.974960,22.383820
18.898963,-20.148239,-46.285645,20.698639
18.922392,-23.360382,-46.045410,15.934937
18.949036,-25.728729,-45.804794,3.661957
18.972490,-25.266632,-45.504471,-0.691925
18.997486,-23.833359,-45.508545,-4.007721
19.022272,-20.903702,-46.568481,-7.569183
19.047136,-17.984985,-47.780441,-7.006134
19.072237,-14.317337,-48.995621,-6.001343
19.097239,-10.273422,-50.736618,-6.352783
19.122305,1.061142,-51.004822,-10.603546
19.146965,5.874893,-49.747330,-14.101471
19.172518,10.311279,-48.338928,-16.394653
19.198243,14.289688,-47.230057,-15.983948
19.222876,17.722443,-48.146500,-10.550385
19.246981,14.482178,-50.159973,-7.672791
19.271365,9.066086,-52.089996,-4.320923
19.297325,1.328476,-53.410507,-1.391083
19.325626,-13.609177,-51.779587,6.279755
19.346630,-16.018250,-51.172256,10.883667
19.371709,-15.425354,-51.026154,13.952728
19.397567,-11.892334,-52.237717,8.809021
19.421351,-8.052673,-53.149414,1.488129
19.447260,-1.437271,-53.097839,-4.584412
19.471023,7.429688,-51.631088,-9.026123
19.498208,21.109253,-46.434052,-12.530762
19.522182,19.450272,-47.778137,-11.092926
19.547290,13.502548,-50.981323,-7.140289
19.571723,3.658035,-53.269028,-2.991180
19.597871,-14.732864,-52.524231,4.564148
19.621991,-16.919769,-51.918350,10.290588
19.647229,-16.175903,-51.772675,12.983002
19.672380,-9.265656,-53.671753,5.849396
19.697354,-3.625732,-53.916122,-0.513641
19.721940,4.795105,-52.746582,-6.976593
19.747041,14.871948,-48.809662,-11.421692
19.771247,24.875839,-43.523132,-14.510590
19.797619,22.458725,-46.289673,-12.095032
19.820897,14.626404,-51.135925,-6.928314
19.845701,3.728928,-54.019531,-2.544922
19.872112,-11.074463,-53.891098,9.018402
19.897190,-11.457291,-53.591370,12.623810
19.920671,-10.179871,-53.745865,11.409149
19.945678,-3.615677,-53.464523,-3.811920
19.971679,4.350449,-52.294098,-8.394867
19.996630,15.318344,-49.486633,-11.054291
20.021356,20.956879,-46.883560,-12.305878
20.046342,14.331070,-50.908997,-8.424133
20.070230,5.159714,-53.424576,-3.908295
20.096061,-4.753601,-54.062073,0.398163
20.121397,-11.067322,-54.264404,5.566803
20.146391,-9.207138,-53.900101,12.072815
20.170238,-7.096146,-54.355972,6.947815
20.196702,-3.775970,-54.065445,-0.662567
20.220394,3.145966,-52.889694,-7.559021
20.245183,22.236206,-46.138412,-12.842010
20.271537,23.510040,-45.918915,-12.030151
20.295829,19.138535,-48.978287,-8.319275
20.320239,1.907959,-55.365372,3.694702
20.345850,-3.433777,-55.572174,10.052643
20.371561,-6.740814,-54.586151,14.442963
20.396350,-9.211777,-54.875229,12.368988
20.420262,-11.500595,-54.109451,-0.877777
20.449861,-11.779190,-52.455368,-6.793091
20.476029,-12.886185,-50.798660,-11.349274
20.494330,-13.473709,-49.220078,-13.811523
20.520176,-14.667389,-47.865128,-14.167969
20.544853,-15.640152,-47.860794,-15.057251
20.569680,-16.759766,-46.881027,-15.640991
20.595140,-18.098526,-45.224747,-17.494659
20.619844,-18.622314,-45.297348,-18.089172
20.644803,-19.071014,-44.920593,-18.007721
20.669860,-18.922653,-45.146347,-17.710266
20.696201,-19.071808,-45.070633,-17.933350
20.719559,-19.369827,-44.619400,-18.003235
20.745745,-19.961319,-43.566177,-19.717529
20.769960,-20.478409,-42.138672,-20.606140
20.794493,-22.412399,-39.429901,-22.674011
20.819688,-22.407761,-38.829468,-23.571655
20.844717,-22.032761,-38.830963,-23.575806
20.870489,-20.626953,-41.912964,-20.828613
20.895125,-18.017761,-44.249695,-18.241669
20.918673,-14.138046,-47.341797,-15.071686
20.943334,-9.282883,-50.137955,-11.611267
20.968220,4.242813,-53.049591,3.453308
20.993222,10.911911,-52.178131,7.208405
21.018137,12.333557,-51.285202,9.971313
21.044609,7.899124,-52.168655,12.341583
21.068513,-10.180206,-51.572678,15.017853
21.094208,-16.708572,-48.849411,20.725555
21.118606,-20.004349,-45.088394,25.051849
21.143580,-17.609863,-44.424606,28.328125
21.168567,0.006897,-50.416931,22.035400
21.194037,10.299667,-51.203918,13.669037
21.224755,23.977875,-47.655823,8.057770
21.243341,28.946884,-44.149704,6.067108
21.267599,19.834869,-49.366486,12.521484
21.292888,8.258072,-50.974258,20.667419
21.317530,-0.602219,-48.467880,28.799927
21.344430,-9.446442,-43.335449,34.692719
21.367562,-2.024689,-45.613968,32.351959
21.394410,8.255234,-47.977203,26.604431
21.417965,20.129318,-46.670929,19.054047
21.444367,34.585480,-39.748062,7.672760
21.469307,30.663406,-43.184036,11.002106
21.492782,20.649567,-46.973724,20.472107
21.519234,-1.123993,-43.519104,35.425446
21.547360,-9.968079,-41.084488,36.957458
21.567797,-7.419479,-41.919296,36.176086
21.593944,1.577133,-45.178345,32.314087
21.618427,24.635193,-43.914978,21.115509
21.645210,32.163406,-40.417252,15.421661
21.668044,30.432907,-42.584702,14.157043
21.694336,20.650833,-48.022629,18.292908
21.718061,-4.726990,-47.252304,30.650116
21.743703,-15.368698,-44.585205,31.602875
21.768921,-16.566147,-45.629074,28.911865
21.793404,2.850388,-48.631027,27.486298
21.818271,15.617340,-47.479630,22.550446
21.844354,25.240326,-44.890594,17.504974
21.868048,27.497665,-44.523453,15.156586
21.894263,8.705139,-49.552765,24.118164
21.918795,-2.099808,-47.337311,29.645905
21.944760,-12.369324,-45.046967,31.118042
21.968735,-15.440079,-46.307816,27.396759
21.993990,1.880569,-50.199860,22.915680
22.019137,14.644012,-48.374695,20.457550
22.043076,24.641922,-44.812943,16.986816
22.068644,28.102890,-43.026031,15.455902
22.093201,9.233139,-49.179581,23.513855
22.117609,-4.271469,-50.100739,23.883728
22.143839,-15.508026,-50.128082,18.457245
22.167738,-22.740784,-50.540375,0.910126
22.193679,-21.297791,-49.943039,-5.328339
22.217372,-19.938339,-50.021515,-9.243591
22.244853,-18.582047,-49.725922,-11.282349
22.267730,-19.539383,-47.545288,-14.863098
22.292650,-20.954102,-46.038788,-16.566498
22.317737,-22.141373,-44.158005,-18.645935
22.343021,-23.253311,-42.427322,-21.101776
22.367171,-24.120010,-38.070679,-27.449799
22.392701,-23.575455,-35.520981,-31.195587
22.416751,-22.509033,-33.198822,-34.048035
22.442744,-21.670151,-31.700607,-37.201294
22.467248,-21.516327,-31.025986,-37.650269
22.492660,-21.888870,-30.499435,-37.794067
22.517049,-22.111252,-30.123322,-38.240112
22.543775,-24.138153,-30.490295,-38.069275
22.567004,-24.442490,-31.014526,-37.168060
22.591961,-24.596848,-31.539368,-36.268433
22.624267,-24.822296,-31.463608,-35.965668
22.641200,-24.675720,-31.614761,-34.842896
22.666841,-25.053482,-32.213333,-34.691101
22.692843,-24.833038,-32.889572,-33.946259
22.716942,-24.839233,-34.014893,-33.275665
22.741918,-24.617294,-34.690857,-33.130798
22.766779,-24.092834,-34.693054,-32.911591
22.793026,-23.417816,-34.920563,-33.294922
22.816647,-21.548218,-36.577805,-33.772125
22.840920,-20.804108,-37.256409,-32.508057
22.865865,-21.855804,-37.627258,-32.422913
22.892709,-21.484009,-38.153961,-31.979156
22.915681,-20.812500,-38.606979,-31.313354
22.942070,-20.216766,-38.835037,-29.970764
22.966214,-20.371582,-40.184296,-30.199493
22.993337,-20.377213,-40.934799,-29.152435
23.016441,-20.454468,-41.309647,-28.853058
23.041514,-20.457535,-41.235306,-27.502747
23.065607,-20.834000,-41.833618,-27.876038
23.092989,-20.762421,-42.359161,-27.353882
23.116044,-20.687927,-42.584381,-27.505615
23.141523,-20.763199,-42.509201,-27.279480
23.166196,-20.836349,-42.283707,-27.652771
23.191513,-20.606186,-41.833954,-29.003540
23.217028,-20.302841,-41.234985,-29.379456
23.241251,-20.524521,-41.008606,-30.351105
23.266179,-20.145248,-40.409744,-31.102875
23.291072,-18.704895,-38.688828,-34.486816
23.315934,-16.744202,-37.570419,-36.978912
23.342662,-14.180573,-36.004196,-39.925903
23.365766,-7.693329,-30.851822,-46.576660
23.391740,-4.749832,-27.787354,-49.071777
23.415813,-2.397552,-23.219955,-52.679382
23.441003,-0.571884,-18.351013,-55.154968
23.465916,-3.157990,-10.089508,-57.493469
23.490973,-6.289124,-5.576813,-57.815979
23.524247,-8.373444,-1.068954,-56.875000
23.540330,-9.253448,4.184357,-56.469360
23.566072,-9.506287,17.833893,-53.487000
23.590656,-8.294830,21.878098,-51.609131
23.615512,-6.490540,23.220673,-51.173584
23.640620,-4.914032,23.589371,-51.189453
23.664946,-3.708191,25.234406,-50.896118
23.690766,-1.453369,26.800095,-50.314636
23.715242,-1.828613,27.026367,-49.859680
23.742539,-1.376266,28.448883,-48.508850
23.765151,-0.097092,30.243164,-47.315796
23.790372,1.403671,31.361420,-45.827820
23.815082,2.083527,32.858475,-45.379333
23.840091,4.412460,35.098160,-43.370972
23.865303,4.938950,35.845749,-42.773804
23.890408,5.615036,36.817490,-41.652344
23.915139,6.141006,37.340164,-41.206024
23.940483,7.868332,39.506989,-38.666382
23.964773,9.294922,40.550751,-37.627899
23.990066,10.044769,41.072311,-36.734039
24.014749,11.096252,42.567200,-34.939636
24.040108,11.846725,43.238754,-34.045227
24.064875,12.596817,43.685425,-33.376648
24.089953,12.148056,44.137100,-33.144928
24.114570,11.773392,44.738190,-32.313385
24.139876,11.098816,44.666031,-32.606262
24.164625,10.800323,45.416916,-32.000000
24.190086,9.975967,46.244690,-30.937592
24.214485,8.628326,47.599472,-29.717377
24.239886,8.328842,48.200287,-28.961700
24.264992,7.728394,49.026932,-27.451752
24.289093,5.630325,50.609451,-25.697357
24.314315,4.730560,51.287567,-24.709717
24.338910,4.054611,51.664764,-23.725769
24.365008,2.780243,51.969742,-23.485535
24.389558,0.529129,52.128403,-22.785156
24.414285,-0.296051,52.281540,-22.475464
24.438663,-1.646515,52.361786,-22.160278
24.464561,-3.072235,52.142532,-22.220490
24.493252,-4.647095,51.998962,-22.503723
24.513826,-5.697479,51.628387,-22.943665
24.538618,-6.522812,51.032089,-23.761932
24.564119,-7.124176,50.509644,-24.057465
24.588305,-8.024277,50.063583,-24.724304
24.613809,-8.625824,49.541092,-24.944794
24.638276,-9.077103,48.943130,-25.392242
24.663386,-11.328934,46.478745,-28.602295
24.689275,-14.859390,44.243561,-29.997437
24.713868,-19.520020,41.187515,-30.633362
24.739621,-25.462036,36.636536,-31.111206
24.764196,-35.716568,23.177399,-30.827240
24.793942,-39.801239,15.318100,-29.538727
24.813394,-42.314774,7.226913,-27.068481
24.839207,-43.746017,-8.895721,-20.367249
24.864192,-42.805984,-15.501190,-16.953979
24.889107,-41.482086,-20.083038,-13.836884
24.913540,-39.856476,-24.890564,-11.773987
24.939930,-36.289993,-31.431305,-8.839386
24.964448,-34.806274,-34.587982,-7.368347
24.988629,-32.571289,-37.372681,-5.829041
25.014071,-30.410187,-39.932068,-4.363037
25.039190,-26.382324,-44.149231,-2.249237
25.063668,-24.669174,-45.807129,-0.174713
25.088526,-22.654953,-47.166245,1.972687
25.113652,-21.013855,-47.998932,4.201294
25.138537,-18.630356,-49.660431,8.143433
25.164875,-17.660828,-49.815277,10.082184
25.188275,-16.840088,-50.044235,11.422211
25.213638,-14.897629,-50.353271,13.949615
25.238620,-14.373169,-49.830887,14.995911
25.263582,-13.552414,-49.909958,16.561615
25.289184,-14.151062,-50.132111,15.667297
25.314733,-14.225388,-49.682037,16.119904
25.338215,-14.152420,-49.907562,16.568207
25.363542,-14.377365,-49.756775,16.796295
25.387364,-14.827423,-49.530167,17.177155
25.413183,-14.825958,-49.679764,16.351501
25.438116,-15.199982,-49.528183,16.206238
25.462843,-15.274612,-49.527817,16.057068
25.487667,-15.723557,-49.450867,15.762299
25.512670,-15.798172,-49.300613,15.838745
25.538743,-16.022446,-49.074753,15.917084
25.562275,-16.321732,-49.223297,15.394806
25.588169,-16.544632,-49.446808,14.196381
25.613642,-16.242905,-49.672485,13.142151
25.636923,-16.240860,-50.571365,10.888519
25.662966,-15.931686,-50.720657,6.984528
25.686888,-17.923904,-49.207336,-3.712494
25.712556,-19.774963,-46.722137,-9.307220
25.737808,-20.873825,-43.639969,-14.832794
25.764392,-20.391144,-39.963303,-22.023407
25.787556,-19.129974,-30.888367,-31.975983
25.812351,-17.689514,-28.343079,-34.081635
25.838129,-16.634979,-27.447113,-34.464630
25.862752,-16.799622,-29.847458,-32.447418
25.887102,-16.579865,-30.598785,-31.552856
25.917315,-16.431854,-30.674713,-30.879791
25.936121,-16.129898,-30.375778,-31.181915
25.961324,-16.054749,-30.525925,-31.483337
25.986581,-16.356918,-30.600082,-30.730316
26.011836,-16.514496,-32.024841,-29.984253
26.037047,-16.899017,-33.374115,-28.335449
26.061314,-18.192947,-36.370331,-25.558228
26.086292,-18.651413,-37.644180,-24.208252
26.111699,-18.882401,-38.393860,-23.008728
26.136804,-18.368912,-39.822067,-20.695099
26.162021,-18.824600,-40.870544,-20.094238
26.186849,-17.629456,-41.250992,-18.758911
26.213889,-17.404968,-41.476807,-18.912292
26.236818,-18.686005,-41.847595,-17.099701
26.261847,-19.435867,-41.619751,-16.790527
26.286693,-19.284546,-41.245392,-16.715668
26.311913,-19.661041,-41.618881,-16.713043
26.336521,-19.963913,-41.768127,-15.810333
26.361681,-19.889389,-41.843460,-15.736450
26.386630,-19.812408,-41.768433,-16.411987
26.411496,-20.261581,-41.466705,-16.255859
26.436649,-20.037094,-41.692535,-16.409210
26.461577,-19.740067,-41.544434,-14.986877
26.486473,-20.265350,-41.992035,-15.582886
26.512604,-21.238861,-41.987839,-16.172180
26.540217,-20.415405,-42.141327,-15.806854
26.562791,-20.188354,-41.767120,-16.032867
